id,gid,recording,medium,position,number,name,artist_credit,length,edits_pending,last_updated
58111,f066710a-5019-3471-8a1e-cff1a42cf159,72660,991142,3,3,My One and Only Love,5489,337000,0,2011-05-16 18:08:20.288158+02
58116,e0e61abb-66a7-3722-8da7-e95661e64c85,72665,991142,8,8,Long Count,5489,358000,0,2011-05-16 18:08:20.288158+02
58118,09118a26-3ce2-30d8-bf87-957eb9533a76,72667,991142,10,10,Ding Ding,5489,264000,0,2011-05-16 18:08:20.288158+02
271076,71e17553-70d3-3709-9681-976c8193ec2e,313855,77259,2,2,Walking Wounded (Spring Heel Jack dub),319,409440,0,2011-05-16 18:08:20.288158+02
476229,fa40f0fd-5a0c-370e-a9ae-eaaa556ee86e,547853,320679,3,3,After the Dance (instrumental),962,265426,0,2011-05-16 18:08:20.288158+02
476240,ef74a5b6-0e62-35bc-8b4a-abb62c9099dd,547853,823517,3,3,After the Dance (instrumental),962,265426,0,2011-05-16 18:08:20.288158+02
476251,98d23700-5a93-374a-ad5b-bd0f3fd882cd,547853,823526,3,3,After the Dance (instrumental),962,265426,0,2011-05-16 18:08:20.288158+02
476232,7c9b6501-3075-34fe-8f9a-8ca277b402dd,547856,320679,6,6,I Want You (intro jam),962,19733,0,2011-05-16 18:08:20.288158+02
476243,b9d2f3fc-928b-3451-bc0c-40554e5e0115,547856,823517,6,6,I Want You (intro jam),962,19733,0,2011-05-16 18:08:20.288158+02
476254,7a428328-36c5-3aaa-ab01-678f634f417b,547856,823526,6,6,I Want You (intro jam),962,19733,0,2011-05-16 18:08:20.288158+02
476236,48a0c696-1263-3b73-a8c9-61eff505852c,547860,320679,10,10,I Want You (intro jam),962,100800,0,2011-05-16 18:08:20.288158+02
476247,10617cae-e477-39b2-b4bf-7c2992ad1b1e,547860,823517,10,10,I Want You (intro jam),962,100800,0,2011-05-16 18:08:20.288158+02
476258,315a63d0-43c9-3715-8eb3-3a431e1250f2,547860,823526,10,10,I Want You (intro jam),962,100800,0,2011-05-16 18:08:20.288158+02
476237,61900f10-cd54-3e79-9049-ea2eaa4137fa,547861,320679,11,11,After the Dance (vocal),962,279733,0,2011-05-16 18:08:20.288158+02
476248,06e33fa6-593a-3ea8-9e69-faf40f8661bf,547861,823517,11,11,After the Dance (vocal),962,279733,0,2011-05-16 18:08:20.288158+02
476259,e8e89d04-2d34-3d61-a70a-3e88688f82dc,547861,823526,11,11,After the Dance (vocal),962,279733,0,2011-05-16 18:08:20.288158+02
1340807,8c08cd1a-81a6-3326-9ac1-493dad764cde,1583287,576610,7,7,내 안의 너,112011,282013,0,2011-05-16 18:08:20.288158+02
1340819,bca6afb2-3112-3c62-845f-2736c92e03fa,1583287,576611,7,7,내 안의 너,112011,282013,0,2011-05-16 18:08:20.288158+02
1420177,c4342d7a-b2e8-3fde-91f5-d02eb4fab1b1,1677163,327888,1,1,Rainy Day Women #12 & 35,965,219533,0,2011-05-16 18:08:20.288158+02
1420180,06748b10-33e4-3f3b-bea5-cc198b7d3125,1677166,327888,4,4,I Like Marijuana,126834,297226,0,2011-05-16 18:08:20.288158+02
1420184,f86bd77d-2dea-349b-9448-f4bc48cbc884,7078442,327888,8,8,Sweet Leaf,1151,304933,0,2012-09-14 22:07:30.174873+02
1482340,a2a7439e-f135-34c5-ac10-689ab4a98fa1,1750750,162,1,1,Some Things Are Better Left Unsaid,37921,328133,0,2011-05-16 18:08:20.288158+02
1482341,b9e0f227-8252-3cfc-ac2f-239487f2fb44,1172285,162,2,2,"Do What You Want, Be What You Are",37921,277693,0,2011-05-16 18:08:20.288158+02
1482348,33823f51-b04f-3a1c-b7bf-2614498a4a23,544042,162,9,9,Sara Smile,37921,189893,0,2011-05-16 18:08:20.288158+02
1482353,ab3288f4-4836-3f47-a5f8-21031c86458a,1750763,162,14,14,One on One (12'' version),37921,332000,0,2011-05-16 18:08:20.288158+02
1741016,50db1fee-f6ae-35af-9198-45bc63245a41,2069396,221485,1,1,I Want You (Vocal & Rhythm),962,305800,0,2011-05-16 18:08:20.288158+02
1741030,93d2f8a7-5ef3-3161-ae77-b917e010b38a,2069396,373548,1,1,I Want You (Vocal & Rhythm),962,305800,0,2011-05-16 18:08:20.288158+02
1741018,e0504a1a-6072-3217-90f6-7056371088c1,2069398,221485,3,3,After the Dance (instrumental),962,333866,0,2011-05-16 18:08:20.288158+02
1741032,58646f9e-14b7-3014-ab49-4b790eb01660,2069398,373548,3,3,After the Dance (instrumental),962,333866,0,2011-05-16 18:08:20.288158+02
1741019,da9f3eb7-1997-3ca4-836a-e8ed83def7be,2069399,221485,4,4,Feel All My Love Inside (alternate),962,232413,0,2011-05-16 18:08:20.288158+02
1741033,64017cca-83ba-3c7c-b4c3-a4abcea94984,2069399,373548,4,4,Feel All My Love Inside (alternate),962,232413,0,2011-05-16 18:08:20.288158+02
1741021,b4bf4d7e-3b7f-3840-93dd-aae2b6a3004e,2069401,221485,6,6,I Want You (Guitar Jam),962,29013,0,2011-05-16 18:08:20.288158+02
1741035,4815a96f-9e77-3946-b9d9-9e66511ec0bb,2069401,373548,6,6,I Want You (Guitar Jam),962,29013,0,2011-05-16 18:08:20.288158+02
1741023,1c288e52-7591-3cf0-ac83-afea138ada2b,2069403,221485,8,8,Since I Had You (Long Time No See),962,256680,0,2011-05-16 18:08:20.288158+02
1741037,5d9450b1-36eb-3301-8774-635009f76672,2069403,373548,8,8,Since I Had You (Long Time No See),962,256680,0,2011-05-16 18:08:20.288158+02
1741024,414ebc16-1376-35c9-9dc1-a438dabb3c10,2069404,221485,9,9,Soon I'll Be Loving You Again (alternate),962,270186,0,2011-05-16 18:08:20.288158+02
1741038,cf7d6739-31f6-3de2-9725-8819d16d11ba,2069404,373548,9,9,Soon I'll Be Loving You Again (alternate),962,270186,0,2011-05-16 18:08:20.288158+02
1826506,7a074d57-cde3-3eeb-8e0b-fb56ee0de22a,2175908,1019020,1,1,Frisco Bay,58589,201693,0,2011-05-16 18:08:20.288158+02
1826508,d0e470b6-33b3-3801-8cba-50b26feea07d,2175910,1019020,3,3,One Life,58589,177333,0,2011-05-16 18:08:20.288158+02
1826510,76997415-ce4e-326b-a088-281be2bea123,2175912,1019020,5,5,Names,58589,178466,0,2011-05-16 18:08:20.288158+02
2423590,f7b08bad-ab54-30ed-a89c-e5456078f693,2899488,1037917,2,2,I Know It's Over,20422,234600,0,2011-05-16 18:08:20.288158+02
2423591,14b85123-90fe-34af-b635-d0ae5678d07a,2899489,1037917,3,3,"Never, Never, Never (Grande, Grande, Grande)",20422,246133,0,2011-05-16 18:08:20.288158+02
2423594,5fc4a93d-71f3-35b9-9750-708fd3e0b5cd,2899492,1037917,6,6,My Love,20422,340773,0,2011-05-16 18:08:20.288158+02
2423595,7747204f-e899-30a7-8074-2532ff8251ed,2899493,1037917,7,7,Everytime We Fall In Love,20422,246933,0,2011-05-16 18:08:20.288158+02
2553346,8accb967-e9bf-3421-8669-a4b7c8249b7b,3062917,683929,4,4,Viens ce soir,51778,203533,0,2011-05-16 18:08:20.288158+02
2553351,cab96935-e914-3a40-8bb4-7bcc4a1aa41c,11292275,683929,9,9,Un grand bonheur,51778,214093,0,2011-06-18 01:00:09.762692+02
2553352,c5556963-3742-3f14-a04c-cafd5d23d75b,3062923,683929,10,10,Nous irons à Sligo,51778,189173,0,2011-05-16 18:08:20.288158+02
2553354,c4fa569e-5ac3-3b6e-85d3-71c921f560bb,3062925,683929,12,12,Summertime,51778,227560,0,2011-05-16 18:08:20.288158+02
2553356,fa32b163-ffc5-34c4-a5db-c32e5efc140f,6946458,683929,14,14,La Musique au fond du cœur,51778,197066,0,2011-06-18 01:00:13.767122+02
2910077,03d89fcd-0ec5-3ce5-9f47-93ca84c24b3a,3501145,934230,3,3,Ram Jam Thank You Mam,11340,244867,0,2011-05-16 18:08:20.288158+02
3747925,5c75a6c8-c210-3f91-a1f5-b71130f9bde5,4554726,960349,3,3,Broch yng Nghod (Badger in the Bag),199457,,0,2011-05-16 18:08:20.288158+02
3747928,3d7df748-ac0b-34d9-b139-a52d221bbc88,4554729,960349,6,6,Llongau Matholwch (Matholwch's Ships),199457,,0,2011-05-16 18:08:20.288158+02
3747935,e9978b30-27ca-3965-8431-39eaf8fbd7c3,4554736,960349,13,13,Hudolaeth Llwyd (Enchantments of Llwyd),199457,,0,2011-05-16 18:08:20.288158+02
3747940,d19d9827-d667-316c-8231-3b1625e4b378,4554741,960349,18,18,Lledr Braf o Wymon (Fine Leather from Seaweed),199457,,0,2011-05-16 18:08:20.288158+02
3808815,784d3438-ba6d-3cca-806e-6534705e7468,4632432,269763,3,3,The Everlasting Grudge,212213,216000,0,2011-05-16 18:08:20.288158+02
3808816,1712782a-0ae2-3829-a8de-748cf45dabbc,4632433,269763,4,4,Push Away,212213,156000,0,2011-05-16 18:08:20.288158+02
3808822,5bd97329-bea4-3897-8f92-698432dd0fd1,4632439,269763,10,10,Nightmare of a Martyr,212213,269000,0,2011-05-16 18:08:20.288158+02
3808824,603ebc22-fb07-30c0-9702-51cc92f36abe,4632441,269763,12,12,The Ill Will,212213,323000,0,2011-05-16 18:08:20.288158+02
3879529,c4a72665-0daf-3fd6-9106-38623dc3ae91,4721876,380756,4,4,Fly Away,78207,460600,0,2011-05-16 18:08:20.288158+02
3879531,6aacc625-22c1-3951-add7-0a47b3a0cd90,4721878,380756,6,6,Egyptian Trip,78207,401893,0,2011-05-16 18:08:20.288158+02
3879532,79febb3d-77a6-3e0f-b09d-576de9d157ff,4721879,380756,7,7,Richi's Theme,78207,223666,0,2011-05-16 18:08:20.288158+02
3879534,b8b2d5ef-2da9-3192-9d4b-d8e762e54fd1,4721881,380756,9,9,Innocenti,78207,464733,0,2011-05-16 18:08:20.288158+02
4282225,7648a01e-d104-36f9-a778-23e8e49c44d3,5271170,98008,3,3,Soul of a Man,79302,300226,0,2011-05-16 18:08:20.288158+02
4820082,5a624344-1822-31e8-8695-c899f3be202c,5930378,161193,1,1,Stakkels Marguerite,187812,201826,0,2011-05-16 18:08:20.288158+02
4820088,dc9f6ae1-e087-314d-ae3d-5434ef933ad3,5930384,161193,7,7,Er du tovlig Trine,187812,193973,0,2011-05-16 18:08:20.288158+02
4820091,b81abf4a-2d83-367f-9563-f5567e95d332,5930387,161193,10,10,Jeg gi'r mit humør en gang lak,187812,205200,0,2011-05-16 18:08:20.288158+02
4820093,c8e99f7f-6ee8-3714-9a71-e024781d8af5,5930389,161193,12,12,I gør Dyveke til due,187812,192400,0,2011-05-16 18:08:20.288158+02
4820094,95d2ee8f-8ea6-3bd5-8f74-1306c84565f7,5930390,161193,13,13,Jeg har kun lige til skatten,187812,205333,0,2011-05-16 18:08:20.288158+02
4820101,9e0eb418-899a-3229-8149-88e6a08e62e2,5930397,161193,20,20,ABC visen,187812,203173,0,2011-05-16 18:08:20.288158+02
4820102,cd9abc03-c563-344e-8d9f-abf3adf3185e,5930398,161193,21,21,Hvorhen,187812,189866,0,2011-05-16 18:08:20.288158+02
4820121,d5174e10-ef18-3683-ba19-221c9d1d40a3,5930417,161195,1,1,Adrienne,187812,198893,0,2011-05-16 18:08:20.288158+02
4820126,9c469704-8146-393c-a57d-765778758869,5930422,161195,6,6,Een for lille og een for stor,187812,174533,0,2011-05-16 18:08:20.288158+02
4820128,e8970fac-02c9-3bda-b97f-f6b3810ff6f3,5930424,161195,8,8,Han fulgte mig hele vejen hjem,187812,187733,0,2011-05-16 18:08:20.288158+02
4820135,767169cc-fc32-3f1a-8f84-681400863fea,5930431,161195,15,15,Glemmer du,187812,193400,0,2011-05-16 18:08:20.288158+02
4820143,f10d055a-14e8-3201-88ee-842e0bd45d6c,5930439,161195,23,23,Det' naturen der kræver sin ret,187812,183466,0,2011-05-16 18:08:20.288158+02
4820144,3fc173d3-bae6-32db-b1fe-9555e068c1ce,5930440,161195,24,24,Man har så mange glæder,187812,198840,0,2011-05-16 18:08:20.288158+02
4861015,a25a0f38-bb7b-3b8b-ae35-9988ef7aa504,5977379,166628,2,2,Spawned by Evil,79977,201666,0,2011-05-16 18:08:20.288158+02
4861017,35ea106d-9730-3e43-8c8a-6cc288b1d3f7,2090902,166628,4,4,Dreams Shall Flesh,79977,319053,0,2011-05-16 18:08:20.288158+02
4861019,58904197-e6b3-3019-81e3-a0167b479da1,5977342,166628,6,6,Nightmare,79977,207413,0,2011-05-16 18:08:20.288158+02
5109712,7e2ef55b-6907-3583-87af-4acfe7c4e1ff,547853,221484,3,3,After the Dance (instrumental),962,265160,0,2011-05-16 18:08:20.288158+02
5109726,0d343f8d-3d2e-324b-8c80-e72f99669735,547853,373542,3,3,After the Dance (instrumental),962,265160,0,2011-05-16 18:08:20.288158+02
5109715,63976165-9695-3d7a-9abf-d20d7d131737,6257465,221484,6,6,I Want You (intro jam),962,19786,0,2011-05-16 18:08:20.288158+02
5109729,9fcc3af9-37f6-39d1-8dfd-5213a02ad688,6257465,373542,6,6,I Want You (intro jam),962,19786,0,2011-05-16 18:08:20.288158+02
5109719,0d789ee2-d346-3e45-b041-aed8be231336,6257469,221484,10,10,I Want You (intro jam),962,100786,0,2011-05-16 18:08:20.288158+02
5109733,9a87b0ba-32e7-3da4-a1b4-7c8c0d9671f5,6257469,373542,10,10,I Want You (intro jam),962,100786,0,2011-05-16 18:08:20.288158+02
5109720,6ce57801-3ea1-359f-9262-ccebd82f71a4,547861,221484,11,11,After the Dance (vocal),962,282546,0,2011-05-16 18:08:20.288158+02
5109734,06077a91-512d-3974-9767-b6e2fe75c654,547861,373542,11,11,After the Dance (vocal),962,282546,0,2011-05-16 18:08:20.288158+02
5664786,164a028d-31e5-3449-bce3-f9d90fa5a63c,6864075,260629,9,9,Room for Two,232365,228000,0,2011-05-16 18:08:20.288158+02
5664791,c5ed7974-8501-3621-be98-7ae2777ce06e,6864080,260629,14,14,Ten Seconds,206599,273000,0,2011-05-16 18:08:20.288158+02
5664795,7fb2eede-8594-3338-9af2-2d7f13ddeddb,6864084,260629,18,18,The Crestfallen,10971,227146,0,2011-05-16 18:08:20.288158+02
6112168,d16ab385-b68f-3ec6-91c8-255ac16a7ad6,7345344,312224,1,1,My New Hat,57588,478613,0,2011-05-16 18:08:20.288158+02
6112169,623eeacd-f059-367a-b3c8-d9b1a83e7201,7345345,312224,2,2,It Takes Two,57588,308186,0,2011-05-16 18:08:20.288158+02
6112170,d4bc44e9-ad4e-3a6d-9aca-eb4b74478954,7345346,312224,3,3,Comba N.3,57588,406013,0,2011-05-16 18:08:20.288158+02
6112172,09cedb28-f876-3d4c-89e3-89780e79fe0e,7345348,312224,5,5,"Love Theme From ""Spartacus""",57588,340893,0,2011-05-16 18:08:20.288158+02
6112175,5215678a-603a-330c-98a0-9d8fb88efce3,7345351,312224,8,8,The Jig Saw,57588,394720,0,2011-05-16 18:08:20.288158+02
6112176,8bd1a03d-c183-3d1a-8483-590c74401480,7345352,312224,9,9,Canter N.4,57588,438413,0,2011-05-16 18:08:20.288158+02
6112177,d3c534db-cc8a-37f5-8441-0a0c841d4e22,7345353,312224,10,10,One Of Many,57588,308200,0,2011-05-16 18:08:20.288158+02
6123732,934bf5ad-d8e3-3468-98fc-3ac3b3560eba,7358168,313356,1,1,"Symphony No. 12, BVN 318 ""Hélsingeborg""",471912,426493,0,2011-05-16 18:08:20.288158+02
6123733,83e7ff82-6ef7-378e-8fe6-0915f5bde3bf,7358169,313356,2,2,"Symphony No. 13, BVN 319 ""Undertro"": Ret hurtigt (Fairly Fast) -",471912,139693,0,2011-05-16 18:08:20.288158+02
6123737,03e57ea4-17f9-3ae3-92b1-efe010134f6b,7358173,313356,6,6,"Symphony No. 13, BVN 319 ""Undertro"": Samme tempo (vildt) (Same Tempo (Wildly)) -",471912,239440,0,2011-05-16 18:08:20.288158+02
6123745,5bd86b9c-5224-3e86-880a-be92d1b07d64,7358181,313356,14,14,"Symphony No. 14, BVN 336 ""Morgenen"": VI. ""Farmænd"" farer til kontoret (""Dads"" Rush to the Office)",471912,101866,0,2011-05-16 18:08:20.288158+02
6123746,996605f7-7700-3fd4-8dd8-7db871d7b0ee,7358182,313356,15,15,"Symphony No. 14, BVN 336 ""Morgenen"": VII. Sol og bøgeskov (Sun and Beech Forest)",471912,68160,0,2011-05-16 18:08:20.288158+02
7134498,a543f4c4-d8bf-3100-920d-f8aefaa39c16,8445962,439759,3,3,Non Abstract,157129,,0,2011-05-16 18:08:20.288158+02
7134499,17410d38-0879-3ceb-ae2a-1a5ee6c104c6,8445963,439759,4,4,Black Cat,157129,,0,2011-05-16 18:08:20.288158+02
7331999,14c1a237-5563-39c6-921d-7ceb674e67e1,8656596,463786,1,1,[untitled],222898,,0,2011-05-16 18:08:20.288158+02
7332000,50ccfe1f-ca6d-3dd8-bc3f-8849dff6e9a2,8656597,463786,2,2,[untitled],222898,,0,2011-05-16 18:08:20.288158+02
7332001,0ee79107-f075-3457-b096-09488cb093f2,8656598,463786,3,3,[untitled],222898,,0,2011-05-16 18:08:20.288158+02
7332002,4e8e4abb-8eb9-3673-b228-7468eec6e518,8656599,463786,4,4,[untitled],222898,,0,2011-05-16 18:08:20.288158+02
8378173,4c55e7ee-62a5-31d8-9fb7-d3542b5e9849,9789000,586791,9,9,Irresistible,645346,237000,0,2011-05-16 18:08:20.288158+02
8378175,48d900be-5238-3942-b185-d2ec140ae83e,9789002,586791,11,11,Better Days,356640,369000,0,2011-05-16 18:08:20.288158+02
8802792,1260cdff-cc71-34a7-a4d2-c53be8832570,10238870,856274,1,1,Intro,132349,27533,0,2011-05-16 18:08:20.288158+02
8802795,cc9a61b6-e046-3b4d-a260-d7c0ecbc4659,10238873,856274,4,4,Klovnen,132349,231186,0,2011-05-16 18:08:20.288158+02
8802797,87d3ce3b-466f-39ae-b9d7-9afee543e27e,10238875,856274,6,6,Danset natten lang,132349,187360,0,2011-05-16 18:08:20.288158+02
8802798,2f02921e-9d0e-3fad-af6f-f9b3b232aff5,10238876,856274,7,7,Engleleik,132349,191306,0,2011-05-16 18:08:20.288158+02
8802804,ea6357e6-1533-3428-a85f-7d6e77fe146e,10238882,856274,13,13,Someday My Prince Will Come,132349,97680,0,2011-05-16 18:08:20.288158+02
8877436,b6350f37-e631-3462-8680-7c5ec2d65c4a,10320239,632380,2,2,נכנסת לחיי,153623,,0,2011-05-16 18:08:20.288158+02
8877437,058f43b4-1ee7-38ac-a971-3cb7140ba427,10320240,632380,3,3,מעבר לנהר,153623,,0,2011-05-16 18:08:20.288158+02
8877442,a1f333c7-ba65-3855-839b-fbcec4964a22,10320245,632380,8,8,כרטיס ללונה פארק,153623,,0,2011-05-16 18:08:20.288158+02
8877446,ef2f625a-76a0-35d1-87e2-6c0236b38f38,10320249,632380,12,12,בינתיים רוקד,153623,,0,2011-05-16 18:08:20.288158+02
8942118,61fa51bd-640b-3853-886e-4b706929987a,10389427,640088,2,2,Balazalak (Rude remix),136847,223693,0,2011-05-16 18:08:20.288158+02
8942120,ac260b42-47d5-32cf-93ae-e2dc3dd7fba3,10389429,640088,4,4,Milaka Dub (David Bourguignon remix),136847,201626,0,2011-05-16 18:08:20.288158+02
8942122,90a6726a-c5b8-3140-99f7-bdd64f8a75ee,10389431,640088,6,6,Shoot The Singer (Rude remix),136847,195733,0,2011-05-16 18:08:20.288158+02
8942127,14badb82-55af-3d9a-886a-49d157c55ca6,10389436,640088,11,11,Ezin Ihesi Berlin (Where We Come From) (Rob Smith remix),136847,282533,0,2011-05-16 18:08:20.288158+02
9753192,967083db-6804-32e6-a4ea-640e5cda2530,11256903,715563,1,1,T.N.T.,94820,536000,0,2011-05-16 18:08:20.288158+02
9753193,7849f4d2-e557-3702-93db-11d9cfd5c599,11256904,715563,2,2,Pulse,94820,,0,2011-05-16 18:08:20.288158+02
9758225,984d435a-09b3-3d47-886e-5427330ff13c,11262543,851638,5,5,Set The Night On Fire,55290,260000,0,2011-05-16 18:08:20.288158+02
9758226,d9112c1e-ee45-3225-bb88-2664fde8b73d,11262544,851638,6,6,Envision,55290,212000,0,2011-05-16 18:08:20.288158+02
9959294,64a8a06e-6c19-3ee9-92dc-8d94b008c173,11485604,742104,1,1,Unity and Faith,60455,255000,0,2011-05-16 18:08:20.288158+02
9959301,7daec6a5-1543-38fc-8296-34d152df05c7,11485611,742104,8,8,All in the Dosis,60455,284000,0,2011-05-16 18:08:20.288158+02
9959307,9d03f5f7-c03c-312f-af8a-139325fdc8cd,11485628,742106,3,3,Unity and Faith,60455,250000,0,2011-05-16 18:08:20.288158+02
10109799,ff4ff326-61a5-3922-a71e-b281b76eee99,11653744,755916,8,8,Paranoia,754768,397000,0,2011-05-16 18:08:20.288158+02
10109802,d5dba612-c2b7-3b36-a605-7e6994e56743,11653747,755916,11,11,Teleportation Technology,754748,356000,0,2011-05-16 18:08:20.288158+02
10619225,20dae063-c890-3ec1-a657-42832ff64b2b,12215187,811003,5,5,Return of The Astronaut,707464,,0,2011-05-16 18:08:20.288158+02
10686839,148e009b-d4e3-354a-ac2b-f45b4113fc09,12290738,820157,3,3,Ole's Tanz,761525,96760,0,2011-05-16 18:08:20.288158+02
10686842,839711b7-3472-3da4-99c9-d98ba5b8cc2d,12290741,820157,6,6,Jetzt kommt die längst gewünschte Stunde,761525,161053,0,2011-05-16 18:08:20.288158+02
10686848,5657617e-5c94-3c30-a28a-dc8c92e902c6,12290747,820157,12,12,Ein Bauersmann aus Dithmarschen,761525,214133,0,2011-05-16 18:08:20.288158+02
10686851,a3ac8820-b16c-36e4-b249-068cfbce1c57,12290750,820157,15,15,"Lustig, lustig ihr lieben Brüder",761525,270813,0,2011-05-16 18:08:20.288158+02
10686855,793b4afe-56b5-3709-80d6-686710eccb97,12290754,820157,19,19,Ballade vom Schinderhannes,761525,313426,0,2011-05-16 18:08:20.288158+02
10686857,933a2d39-ffed-3b8e-b899-7769839b3f5f,12290756,820157,21,21,Die Taube,761525,218173,0,2011-05-16 18:08:20.288158+02
10686858,57531901-97ce-3a1f-a98c-0b03700ddc21,12290757,820157,22,22,The Games People Play,761525,244760,0,2011-05-16 18:08:20.288158+02
10686859,2a87fd94-a949-3561-8e6c-6317756a9edb,12290758,820157,23,23,"Die Stadt, die ich so geliebt",761525,214520,0,2011-05-16 18:08:20.288158+02
6931746,da0eaf41-35d0-37be-8166-256a4ce54362,8229877,415676,2,2,Bango (Shaun Baker remix),540528,303000,0,2011-06-14 21:38:59.909605+02
6931749,fe89d30f-b760-3f39-9324-7aca711aa424,8229880,415676,5,5,Ride on a White Train (feat. Trixi Delgado) (Like a Hurricane),102097,188000,0,2011-06-14 21:38:59.909605+02
6931761,6ca352ff-3065-3803-98c0-7deb84e0e76f,8229892,415676,17,17,Same Man,811436,286000,0,2011-06-14 21:38:59.909605+02
11331712,34ba4e11-297f-3b8c-b3bd-5d239a9cd401,12889867,1096486,5,5,Falling Star (Awakening Mix),48339,243000,0,2011-11-01 06:54:27.361852+01
11713028,4f71d3bc-1d99-329d-a711-df9128a8d984,13168468,1127075,1,1,Satta Massagana,529441,263000,0,2012-01-21 00:06:54.291585+01
11713030,058a3abf-aed3-3d38-828f-1c1101e8c012,13168470,1127075,3,3,Лев умрёт за любовь,529441,156000,0,2012-01-21 00:06:54.291585+01
11713031,24904645-edc4-33b5-afb5-34243ec3d331,13168471,1127075,4,4,Дельфины,529441,292000,0,2012-01-21 00:06:54.291585+01
11713035,62dab202-9bd4-378e-8300-8e1e69129ae6,13168475,1127075,8,8,Постепенно,529441,262000,0,2012-01-21 00:06:54.291585+01
11781390,be5cd4a6-01d7-362e-adc4-225306ce117c,13209380,1131649,2,2,Φεγγάρια σκοτεινά,219729,,0,2012-02-01 16:16:06.769627+01
11781393,17baa147-031b-3374-96ca-944e97aa28ea,13209383,1131649,5,5,Λήσταρχος Νταβέλης,219729,,0,2012-02-01 16:16:06.769627+01
11781395,bacb8938-aa2f-3b81-885b-8a82ae70bf39,13209385,1131649,7,7,Μια πέτρα που κυλάει,219729,,0,2012-02-01 16:16:06.769627+01
11781399,ce659a72-353e-3d32-a161-2862294186f1,13209389,1131649,11,11,Κρυμμένο μυστικό,219729,,0,2012-02-01 16:16:06.769627+01
11781400,799a4876-cee1-30ab-8efe-4dd9c0763e02,13209390,1131649,12,12,Ρε συ,219729,,0,2012-02-01 16:16:06.769627+01
11781401,4211eece-edc4-35ce-a921-33c5179acdba,13209391,1131649,13,13,Ο κύριος Francois Villion,219729,,0,2012-02-01 16:16:06.769627+01
12141132,5217d2bd-8f8c-36d6-9076-ab013de0403a,2322703,909660,6,6,You Set It Up,158469,254946,0,2012-04-06 00:12:28.492982+02
12141134,76990432-eb22-3e8d-b3af-f7bcce6486b1,2322705,909660,8,8,Not the Only Ones,158469,604094,0,2012-04-06 00:12:28.492982+02
12744100,3bf5053a-0498-395e-94a9-28d8beef0a18,7865366,370912,1,A1,Sterilium (Bernd Maus remix),77940,,0,2012-07-04 20:40:36.538675+02
12744103,77b43922-224c-31db-a353-685f2e256330,7865369,370912,4,C1,Blunt (Junkie Sartre remix),506278,,0,2012-07-04 20:40:36.538675+02
12861566,f74647b1-494e-3207-9359-814584804092,13782321,1200892,1,1,Buckin' My Horse,1154853,270000,0,2013-04-19 20:00:24.079323+02
12861568,7da00ad7-e4af-31f2-b607-fecc15a73ea5,13782323,1200892,3,3,Why Do Rappers Lie?,1154853,207000,0,2013-04-19 20:00:24.079323+02
12861569,97167de8-b11a-3dab-a497-7e2b66b8e179,13782324,1200892,4,4,Posse on Broadway (Thunder mix),1154853,302000,0,2013-04-19 20:00:24.079323+02
12861573,89ee3729-34e9-33fb-b5d6-2864bf9a11ba,13782328,1200892,8,8,Testarossa,1154853,311000,0,2013-04-19 20:00:24.079323+02
12861578,8bc91c67-f7f0-36db-ade3-f9cba2440460,13782333,1200892,13,13,Buttermilk Biscuits (Keep on Square Dancin'),1154853,212000,0,2013-04-19 20:00:24.079323+02
13374141,d71c6d7d-bdb3-3181-8951-d5e4c24897a9,14066367,1232006,8,8,Icu Behind D3,977507,449000,0,2012-10-08 19:49:27.166865+02
13374142,c63965ea-b0e0-3beb-8ac9-a847c51bd7e9,14066368,1232006,9,9,Oscilate on Opiate,977507,290000,0,2012-10-08 19:49:27.166865+02
13374144,361c3bee-d63b-3189-ad29-92bcab24e62d,14066370,1232007,1,1,Remetenia,977507,387000,0,2012-10-08 19:49:27.166865+02
13374145,13f9d693-9656-370c-8fee-9fb845fedf76,14066371,1232007,2,2,Reuptake,977507,433000,0,2012-10-08 19:49:27.166865+02
13374150,3e6dbda2-efc4-3062-a4cd-8adafe5d7370,14066376,1232007,7,7,Trama,977507,454000,0,2012-10-08 19:49:27.166865+02
13374152,83bf6333-9416-3f75-a721-61644ee7673e,14066378,1232007,9,9,Volvox Box,977507,453000,0,2012-10-08 19:49:27.166865+02
13510010,ff805ebd-cf70-3236-85cb-4896a841f04b,3972389,326695,1,1,Shimmy Shimmy Ya (extended version),841922,230000,0,2012-10-29 12:38:49.701452+01
13510011,09d6ccd8-4683-3f75-adcd-deb3a65b381a,7480833,326695,2,2,Shimmy Shimmy Ya (LP version),841922,168000,0,2012-10-29 12:38:49.701452+01
13510012,d68eb27a-8752-3c2b-8fa4-fa473fb3d388,7480834,326695,3,3,Baby C’mon (LP version),841922,221000,0,2012-10-29 12:38:49.701452+01
14196546,a0c1d4f1-2abd-32e1-bec3-345cbfd8b8c6,14583483,1287761,3,3,Can You Let It Go?,826231,212000,0,2013-02-12 05:28:56.080463+01
14380920,56f4cec7-17ab-339a-87ae-c9eac545e8bb,11152095,703604,3,3,"Symphony no. 8 in E-flat major ""Symphony of a Thousand"": Teil I, Bar 122. ""Infirma nostri corporis""",10293,128160,0,2013-03-14 18:53:13.800592+01
14380924,48c21b15-3348-32b2-9138-7e0f29baadf4,11152099,703604,7,7,"Symphony no. 8 in E-flat major ""Symphony of a Thousand"": Teil I, Bar 408. ""Veni, creator spiritus""",10293,184106,0,2013-03-14 18:53:13.800592+01
14380930,0dcd0b35-a699-3056-9395-71f00c3569c1,11152105,703604,13,13,"Symphony no. 8 in E-flat major ""Symphony of a Thousand"": Teil II, Bar 261. ""Wie Felsenabgrund mir zu Füssen"" (Pater profundus)",10293,260266,0,2013-03-14 18:53:13.800592+01
14380937,4d55d108-feb0-31e0-97c6-7d716574984a,11152112,703604,20,20,"Symphony no. 8 in E-flat major ""Symphony of a Thousand"": Teil II, Bar 868. ""Bei der Liebe, die den Füssen"" (Magna Peccatrix) - ""Bei dem Bronn, zu dem schon weiland"" (Mulier Samaritana) - ""Bei dem hochgeweihten Orte"" (Maria Aegyptiaca)",10293,265893,0,2013-03-14 18:53:13.800592+01
14380940,e71199e4-210a-381d-861f-ed640581e8ea,11152115,703604,23,23,"Symphony no. 8 in E-flat major ""Symphony of a Thousand"": Teil II, Bar 1249. ""Komm! hebe dich zu höhern Sphären"" (Mater gloriosa) - ""Blicket auf zum Retterblick alle reuig Zarten"" (Doctor Marianus)",10293,367400,0,2013-03-14 18:53:13.800592+01
14666029,6803ff79-a926-3764-ad7f-38b673374398,14869545,1322427,2,2,Revolution,1159548,258000,0,2013-05-01 17:30:58.849982+02
14666033,bd23014c-bdfe-3bf4-928b-fb0d9f9ec816,14869549,1322427,6,6,The Roman Games,1159548,328000,0,2013-05-01 17:30:58.849982+02
14666035,4d6d285f-f7cb-3a83-b4e5-fc8db869be90,14869551,1322427,8,8,Full Circle,1159548,266000,0,2013-05-01 17:30:58.849982+02
14737885,d21757a3-a5a5-35cd-b514-29356c47c36e,8229815,415670,1,1,Ordinary Moment (feat. Fisher),246353,128000,0,2013-05-12 20:29:30.830067+02
14737886,965cd5e3-bf28-3072-a378-baa42f1c9d8c,8229816,415670,2,2,Tabla Mizma (feat. Robert Nickson),246398,219000,0,2013-05-12 20:29:30.830067+02
14737891,1d1c8d46-7ba7-34ad-bd9b-0cddc02f53ad,8229821,415670,7,7,Silent Tears (feat. Michelle Aragon) (Shogs 2 Faces remix),112308,309000,0,2013-05-12 20:29:30.830067+02
14737896,140e8be4-e353-3487-9626-02784c206ab3,8229826,415670,12,12,In 10city,335106,249000,0,2013-05-12 20:29:30.830067+02
14737900,61cf35fa-4c9d-348d-aaeb-a02df3cc42ba,8229830,415670,16,16,Breathe,374915,291000,0,2013-05-12 20:29:30.830067+02
14914580,95792f8c-90a2-4b5a-bd79-01bfa46454e9,4708904,1336399,1,1,Prelude,205712,56000,0,2013-06-05 18:46:24.529824+02
14914581,45581dfc-b02e-411d-95d1-fd54bc41bd36,10681160,1336399,2,2,Free Son,469473,196000,0,2013-06-05 18:46:24.529824+02
14914585,07480ef7-cb0d-4232-a18c-fe064affea0c,14983260,1336399,6,6,Play Car (Version),295188,199000,0,2013-06-05 18:46:24.529824+02
15237415,9dc3f5b8-2f4a-4099-a298-69c08a3eb30c,547853,1361156,3,3,After the Dance (instrumental),962,265533,0,2013-08-16 05:25:39.347826+02
15237418,393a3b30-6f1f-43aa-b9e1-d59850c45a19,547856,1361156,6,6,I Want You (intro jam),962,19760,0,2013-08-16 05:25:39.347826+02
15237422,6e4edf02-1676-4819-873f-cba09868bcae,547860,1361156,10,10,I Want You (intro jam),962,100666,0,2013-08-16 05:25:39.347826+02
15237423,aee4e8a4-1eac-4003-b3f2-11988057084f,547861,1361156,11,11,After the Dance (vocal),962,279533,0,2013-08-16 05:25:39.347826+02
15255146,06e895be-2f07-4188-a2a5-e0b558e6a529,15194508,1362825,3,3,"""Der Herr ist mein Hirt"", SWV 33",1206709,255000,0,2013-08-17 20:20:17.387859+02
15255147,878e157b-56b6-490c-863f-37ec0480e511,15194509,1362825,4,4,"""Jauchzet dem Herrn, alle Welt"", SWV 47",1206709,410000,0,2013-08-17 20:20:17.387859+02
15255149,84241a3c-5731-4bcf-9f10-a5f52c9a4705,15194511,1362825,6,6,"""An den Wassern zu Babel"", SWV 37",1206709,301000,0,2013-08-17 20:20:17.387859+02
15255152,5a3af03e-47a6-4932-a463-015f9c0f01b4,15194514,1362825,9,9,"""Nicht uns, Herr, sondern deinen Namen"", SWV 43",1206709,275000,0,2013-08-17 20:20:17.387859+02
58109,9841a837-aedf-3bff-8e31-4f4132acddf7,72658,991142,1,1,Blues-O-Matic,5489,288000,0,2011-05-16 18:08:20.288158+02
58113,85916df2-2411-3a50-8047-c13b00cd4f38,72662,991142,5,5,Exactly Like You,5489,342000,0,2011-05-16 18:08:20.288158+02
58114,8e607a35-75f4-32b8-92ee-0eb8236e8b42,72663,991142,6,6,Cole Porter Medley: Riding High / You Do Something to Me,5489,321000,0,2011-05-16 18:08:20.288158+02
238448,a2ed62bb-7c5c-3e3d-b0a0-f352b72de36b,280584,1033432,1,1,Black Betty (version courte),11340,156026,0,2011-05-16 18:08:20.288158+02
238449,db201286-d938-39a4-b67a-0e4dc4d3afcf,280585,1033432,2,2,Black Betty,11340,245666,0,2011-05-16 18:08:20.288158+02
271075,b29079f2-0117-3478-86bb-c6a538be75d4,313854,77259,1,1,Walking Wounded (Spring Heel Jack Hard vocal mix),319,365933,0,2011-05-16 18:08:20.288158+02
476227,09be6964-c81e-36f1-81cf-a6c04990e50c,547850,320679,1,1,I Want You (vocal),962,274893,0,2011-05-16 18:08:20.288158+02
476238,7af96257-bc7e-3f44-81ba-b3782028e64d,547850,823517,1,1,I Want You (vocal),962,274893,0,2011-05-16 18:08:20.288158+02
476249,a5e0d1f7-6fd8-3386-9d85-ba94d76e20fb,547850,823526,1,1,I Want You (vocal),962,274893,0,2011-05-16 18:08:20.288158+02
476234,64c2a60a-f755-3f60-a34e-52e87e199b06,547858,320679,8,8,Since I Had You,962,245826,0,2011-05-16 18:08:20.288158+02
476245,41704d1a-6ddb-38fa-84f3-7705992526e6,547858,823517,8,8,Since I Had You,962,245826,0,2011-05-16 18:08:20.288158+02
476256,e15505d8-b151-355b-a731-caa8d03efb75,547858,823526,8,8,Since I Had You,962,245826,0,2011-05-16 18:08:20.288158+02
1340811,bcf5fcdb-4dd2-3b30-88e4-23f3d11b4dd3,1583291,576610,11,11,꿈,112011,273546,0,2011-05-16 18:08:20.288158+02
1340823,26015e33-e1ed-3ef7-aa8b-421fe8c44c8d,1583291,576611,11,11,꿈,112011,273546,0,2011-05-16 18:08:20.288158+02
1420178,bf0eb610-4998-3077-8fa1-d2d204c8b15c,860919,327888,2,2,I Want to Take You Higher,489,341373,0,2011-05-16 18:08:20.288158+02
1420183,db88ce6d-7131-3b03-916a-b528f0486379,860922,327888,7,7,Convicted,64074,74560,0,2011-05-16 18:08:20.288158+02
1420185,ca345918-04c1-309e-bf7b-800299ea8095,1677171,327888,9,9,Smokin' Cheeba Cheeba,66433,318706,0,2011-05-16 18:08:20.288158+02
1420186,4abab8eb-2e53-351f-9a9e-397f5bda9d5d,1677172,327888,10,10,Champagne & Reefer,8436,363426,0,2011-05-16 18:08:20.288158+02
1420187,942454a9-f691-3c4b-aac4-df7452ba6b13,860926,327888,11,11,Legalize It,397,261706,0,2011-05-16 18:08:20.288158+02
1420189,4ee46dd8-6d14-318e-8133-ec15b3ee2685,860932,327888,13,13,And It Stoned Me,14839,344226,0,2011-05-16 18:08:20.288158+02
1420190,243ccf87-ecad-3ecf-a7cd-72b9e2365744,1677176,327888,14,14,Homegrown,42477,148733,0,2011-05-16 18:08:20.288158+02
1420193,fbaa5051-71d1-318b-8b43-51e08d114dbf,1677179,327888,17,17,Too Rolling Stoned,46394,273467,0,2011-05-16 18:08:20.288158+02
1482347,d3eb7c61-e1b4-3f52-b655-a0435e775f4e,1750757,162,8,8,Go Solo,37921,276173,0,2011-05-16 18:08:20.288158+02
1482350,f64a0a87-eb4b-34fb-a45b-1e124bd77b1f,1750760,162,11,11,August Day,37921,187293,0,2011-05-16 18:08:20.288158+02
1482351,20883d46-a178-34a9-96b0-f89b27cca01f,1750761,162,12,12,Open All Night,37921,275840,0,2011-05-16 18:08:20.288158+02
1482352,2ceb962c-54a0-3076-a13d-4ca27a0a32b7,1750762,162,13,13,Possession Obsession,37921,278560,0,2011-05-16 18:08:20.288158+02
1741017,05aadee3-9b3c-343c-b716-0886c11714c4,2069397,221485,2,2,Come Live With Me Angel (unedited),962,457253,0,2011-05-16 18:08:20.288158+02
1741031,76403f9b-b264-3675-a8e3-18ebc769ea5d,2069397,373548,2,2,Come Live With Me Angel (unedited),962,457253,0,2011-05-16 18:08:20.288158+02
1741025,c306eba9-b1dd-39ac-9f7a-ac103d284412,2069405,221485,10,10,I Want You (undubbed Instrumental),962,292266,0,2011-05-16 18:08:20.288158+02
1741039,77e2a884-9780-3ef3-9cdc-820295eba6b0,2069405,373548,10,10,I Want You (undubbed Instrumental),962,292266,0,2011-05-16 18:08:20.288158+02
1826507,1874ac3e-9ab0-3850-b3d8-ca41d147f81b,2175909,1019020,2,2,The Center,58589,227973,0,2011-05-16 18:08:20.288158+02
1826511,01466ca3-5c6b-35cb-a55d-e3d975917387,2175913,1019020,6,6,Blues Attack,58589,134600,0,2011-05-16 18:08:20.288158+02
1826515,6e8ec215-a8c7-388e-9c8e-6162241ffffe,2175917,1019020,10,10,Baby Please Don't Go,58589,194666,0,2011-05-16 18:08:20.288158+02
1826516,9d0520f2-41a1-3177-b85c-50d98a00291a,2175918,1019020,11,11,Pine Grove Blues,58589,144200,0,2011-05-16 18:08:20.288158+02
2288346,3773edd5-05ae-3ab0-b148-6a7d2dbc70e7,2735552,917934,2,2,Out of my Sight,170912,,0,2011-05-16 18:08:20.288158+02
2288347,0cf35e42-f2af-342d-8016-f1f50179dee8,2735553,917934,3,3,Trip You Up,170912,,0,2011-05-16 18:08:20.288158+02
2423592,e3e73538-3354-3ff5-85d5-bd003384ac2c,2899490,1037917,4,4,"Ae, Ao",20422,254200,0,2011-05-16 18:08:20.288158+02
2423593,28e5e3ea-b2ea-3201-8f85-1a6a8a45d8ff,2899491,1037917,5,5,Words And Music,20422,280360,0,2011-05-16 18:08:20.288158+02
2553344,ff7d10a5-b94f-3411-82d6-77aa26055183,11177647,683929,2,2,Qui saura,51778,200573,0,2011-06-18 01:00:12.53345+02
2553349,fd6ea26b-446e-38f8-95a3-eeb333efd468,2908089,683929,7,7,Rien qu'une larme,51778,201706,0,2011-05-16 18:08:20.288158+02
2666083,7c7c846a-61a2-3b9b-bd40-f2dd837cffef,3199561,77870,1,1,Greenman,3214,,0,2011-05-16 18:08:20.288158+02
2666084,8868ce10-c762-3f03-91f8-660e5223d204,3199562,77870,2,2,Rock Me Booa,3214,,0,2011-05-16 18:08:20.288158+02
2666086,adb43a3b-37ee-3f2c-8ffd-fa545fdc5584,3199564,77870,4,4,Herpos Suite,3214,,0,2011-05-16 18:08:20.288158+02
2910075,363fe7cc-5c2a-3efe-ac50-9cc99fc8112e,3501143,934230,1,1,Black Betty '95,11340,193000,0,2011-05-16 18:08:20.288158+02
3438746,1961d4e9-5105-334d-907e-50c6ca924d73,4164534,483428,1,1,Black Betty (version courte),11340,154040,0,2011-05-16 18:08:20.288158+02
3747923,37080be7-6598-3b91-aa80-a45a85e20bc3,4554724,960349,1,1,Pwyll,199457,,0,2011-05-16 18:08:20.288158+02
3747927,e62c2d69-845d-3eee-9f56-ec3304a8ba3d,4554728,960349,5,5,Enwi Pryderi (Naming Pryderi),199457,,0,2011-05-16 18:08:20.288158+02
3747934,7d9457b1-e147-3db3-88d9-8a251ab8d687,4554735,960349,12,12,Cân Pryderi (Pryderi's Song),199457,,0,2011-05-16 18:08:20.288158+02
3747937,6a98b262-06f7-3eb6-9ced-9b0c431cdada,4554738,960349,15,15,Tra Bo Dau (When Two Hearts are True),199457,,0,2011-05-16 18:08:20.288158+02
3747938,529381fe-932e-38e6-b639-44c925a73d96,4554739,960349,16,16,Dial Math (Revenge of Math),199457,,0,2011-05-16 18:08:20.288158+02
3808814,8796b908-bdad-349f-b7ac-cba4ac6d6b3c,4632431,269763,2,2,Awake and Lifeless,212213,237000,0,2011-05-16 18:08:20.288158+02
3808818,c5379451-2c52-3e12-b408-586a2adb6093,4632435,269763,6,6,An Idea and Some Rope,212213,170000,0,2011-05-16 18:08:20.288158+02
3808821,a01c255a-01e4-3682-a40d-1fc8fb093b3f,4632438,269763,9,9,Lost in a Fantasy,212213,209000,0,2011-05-16 18:08:20.288158+02
3879526,f51fa11c-3b90-37fd-b225-c1cedce49d3c,4721873,380756,1,1,Welcome (Intro),78207,132400,0,2011-05-16 18:08:20.288158+02
4282223,aefa23d2-f6e6-3f55-b431-70071ed412de,5271168,98008,1,1,Come on in My Kitchen,203582,242493,0,2011-05-16 18:08:20.288158+02
4282230,0defa142-33fa-3e31-a425-90b7e6a8e45c,5271175,98008,8,8,Help Me Through the Day,325605,366026,0,2011-05-16 18:08:20.288158+02
4282233,91fb4af0-d9f7-3716-9e53-5ad07b504b57,5271178,98008,11,11,Running Shoes,6103,332760,0,2011-05-16 18:08:20.288158+02
4820083,d100d88f-14a9-3d8d-afcd-1b6e79009bc0,5930379,161193,2,2,Det er håbløst at indhente tiden,187812,206466,0,2011-05-16 18:08:20.288158+02
4820084,6bf53f71-f16b-3857-8173-1c5b6223c2ba,5930380,161193,3,3,Skal vi svinge de små pusselanker,187812,158333,0,2011-05-16 18:08:20.288158+02
4820086,e90f8c82-18f2-32d5-952c-09cf3543358b,5930382,161193,5,5,Jeg kommer når du fløjter,187812,183706,0,2011-05-16 18:08:20.288158+02
4820087,b444de58-94fc-3aae-ba74-5aac778eac95,5930383,161193,6,6,"Parlez-moi d'mour, men kys mig først",187812,187826,0,2011-05-16 18:08:20.288158+02
4820089,fc72e2c7-08af-358a-9b64-c1362222e95f,5930385,161193,8,8,Den lille i krogen,187812,186093,0,2011-05-16 18:08:20.288158+02
4820090,b64950de-3e6e-3a44-9b0c-b8afe4001c37,5930386,161193,9,9,Ud at kiggelytte,187812,194106,0,2011-05-16 18:08:20.288158+02
4820092,8d8ee209-9724-3cd6-8e5a-4bc624c3b228,5930388,161193,11,11,Man binder os på mund og hånd,187812,202933,0,2011-05-16 18:08:20.288158+02
4820095,a56eb860-bdaa-3ba9-9280-274c06d02185,5930391,161193,14,14,Jeg ku' bli' no'et så 1-2-3,187812,335533,0,2011-05-16 18:08:20.288158+02
4820096,0485998e-382b-3ff2-855b-36119fb4c151,5930392,161193,15,15,De gratis glæder,187812,184066,0,2011-05-16 18:08:20.288158+02
4820097,0b91ec9f-b2f4-3a85-8ddc-4bf123359eb1,5930393,161193,16,16,I dit korte liv,187812,204560,0,2011-05-16 18:08:20.288158+02
4820098,67096739-eec9-33b6-8e9f-8fd497d06ddd,5930394,161193,17,17,Det er en af de ting jeg har lært,187812,155373,0,2011-05-16 18:08:20.288158+02
4820124,e2c13bac-d5a2-3418-b8e0-62dbd362d640,5930420,161195,4,4,Lige glad over det hele,187812,131333,0,2011-05-16 18:08:20.288158+02
4820125,3a330a92-f55e-3eb0-abe7-e73188d2ae12,5930421,161195,5,5,Min ven pytjamos,187812,153093,0,2011-05-16 18:08:20.288158+02
4820132,794b550e-e87e-37f9-adbf-c6350eea0062,5930428,161195,12,12,"Sig de ord, du ved",187812,222400,0,2011-05-16 18:08:20.288158+02
4820133,8dc755ef-8891-374e-aae5-33e59965eae2,5930429,161195,13,13,Ta' og kys det hele fra mig,187812,183693,0,2011-05-16 18:08:20.288158+02
4820136,e73234da-dd7c-39b0-8d94-cc3ddbbcc02a,5930432,161195,16,16,Gå med I lunden,187812,179000,0,2011-05-16 18:08:20.288158+02
4820138,03fc9436-5f67-3582-9385-d5e8a9f6cc30,5930434,161195,18,18,Der er dejligt i Provinsen,187812,169240,0,2011-05-16 18:08:20.288158+02
4820139,ca34183c-11c7-3810-8e10-bcf4697775d8,5930435,161195,19,19,Farvel - alt hvad i kan få,187812,186666,0,2011-05-16 18:08:20.288158+02
4861014,609f58db-b103-36ac-a2b6-4c83f48ce85b,2233773,166628,1,1,Before the Dawn,79977,260826,0,2011-05-16 18:08:20.288158+02
5109710,e5636052-9537-3ad2-aacd-b3a85bf92787,6257460,221484,1,1,I Want You (vocal),962,276160,0,2011-05-16 18:08:20.288158+02
5109724,98515a3d-db20-34a0-b633-d5de58bfaba0,6257460,373542,1,1,I Want You (vocal),962,276160,0,2011-05-16 18:08:20.288158+02
5109717,399d7b5c-047c-35ff-b1d0-c876ef2adeca,6257467,221484,8,8,Since I Had You,962,245346,0,2011-05-16 18:08:20.288158+02
5109731,7f7a0849-b340-3d2d-a06e-a802535ccd39,6257467,373542,8,8,Since I Had You,962,245346,0,2011-05-16 18:08:20.288158+02
5109722,1ed5b19d-d46b-3c78-832b-f9750da4ac5b,6257472,221484,13,13,I Want You (instrumental),962,279000,0,2011-05-16 18:08:20.288158+02
5109736,23afa87e-b861-340f-926a-f2180593b4bf,6257472,373542,13,13,I Want You (instrumental),962,279000,0,2011-05-16 18:08:20.288158+02
5664780,c0878bac-9a92-3984-98fb-b33a8bd8fe28,6864069,260629,3,3,Back in the Day,1104,211386,0,2011-05-16 18:08:20.288158+02
5664781,a35a734d-ff01-31c9-b136-1af85fdce96b,6864070,260629,4,4,Glorious,15883,279493,0,2011-05-16 18:08:20.288158+02
5664783,0bb1bc66-e43e-35b0-ab0b-4ca4b75e46c9,6864072,260629,6,6,The Good Ones,77158,209973,0,2011-05-16 18:08:20.288158+02
5664784,f06e4a76-f98d-359b-b438-751078313a6b,6864073,260629,7,7,Bitter Glass,1366,278880,0,2011-05-16 18:08:20.288158+02
5664790,05faba6c-9b2b-3b56-904e-c86fef669094,6864079,260629,13,13,Chase Down the Moon,45601,234786,0,2011-05-16 18:08:20.288158+02
5664794,6fdad184-769d-32a7-93c2-8d11711bbfde,6864083,260629,17,17,Life's a Bitch,3527,257560,0,2011-05-16 18:08:20.288158+02
6123735,19e323a5-2ecd-378a-b7a6-768336e6a91b,7358171,313356,4,4,"Symphony No. 13, BVN 319 ""Undertro"": Lidt hurtigere (A Little Faster) -",471912,189560,0,2011-05-16 18:08:20.288158+02
6123739,23eb870a-6ec0-3c58-9de2-d40d05d3c62c,7358175,313356,8,8,"Symphony No. 13, BVN 319 ""Undertro"": Hurtigere (Faster)",471912,227293,0,2011-05-16 18:08:20.288158+02
6123740,b54874da-c801-3e39-8d9f-eaa4b01110ff,7358176,313356,9,9,"Symphony No. 14, BVN 336 ""Morgenen"": I. Indledningsfanfare (Introductory Fanfare)",471912,131680,0,2011-05-16 18:08:20.288158+02
6123744,ac1447d4-6063-394d-a3e5-badaebca464a,7358180,313356,13,13,"Symphony No. 14, BVN 336 ""Morgenen"": V. Radio-Caruso og tvangsenergi (Radio-Caruso and Forced Energy)",471912,355893,0,2011-05-16 18:08:20.288158+02
7134496,8332dcf0-56fb-3dad-9928-d034a761a9d5,8445960,439759,1,1,Half Baked,157129,,0,2011-05-16 18:08:20.288158+02
7319028,eee6b046-9a37-3d05-885e-a8109094fff8,8642239,991774,2,2,Paradoxale,175650,242000,0,2011-05-16 18:08:20.288158+02
7319032,a15ff44a-8ec1-3fd7-ac13-79154c6b0d14,8642243,991774,6,6,Repartir à zéro,175650,199000,0,2011-05-16 18:08:20.288158+02
8378166,83c47ba9-bcc1-3155-b38d-26e286821e67,9788993,586791,2,2,Chinese Whisper,196143,286000,0,2011-05-16 18:08:20.288158+02
8378168,516ce63c-8651-3160-8c81-0afb32315c6c,9788995,586791,4,4,Mother Earth,592846,334000,0,2011-05-16 18:08:20.288158+02
8378177,ff28e131-df4a-3eb4-b233-4dc425dc22f3,9789004,586791,13,13,Yours,118458,292000,0,2011-05-16 18:08:20.288158+02
8802796,73c6c982-22fd-3cbe-b233-b3fecd778f42,10238874,856274,5,5,Draumespor,132349,192546,0,2011-05-16 18:08:20.288158+02
8802799,89c73ad3-5ea7-30a0-8343-72a407ddb5a8,10238877,856274,8,8,Vandraren,132349,203626,0,2011-05-16 18:08:20.288158+02
8877438,d660bc61-2de0-3f36-9c82-64c41e7f8082,10320241,632380,4,4,רוקר חיי,153623,,0,2011-05-16 18:08:20.288158+02
8877439,784bf8d0-24b9-3cc6-82ec-9dfbc1157e46,10320242,632380,5,5,זמן העצב הגדול,153623,,0,2011-05-16 18:08:20.288158+02
8877444,f2c8a121-3982-3598-91c1-ecf94edf4d85,10320247,632380,10,10,כמו שכתוב,153623,,0,2011-05-16 18:08:20.288158+02
8877445,d548f791-b24c-3efd-aa8f-770470814689,10320248,632380,11,11,שרות לירח,153623,,0,2011-05-16 18:08:20.288158+02
8942119,8defdefd-c8b2-3fd5-80a7-a1ada795f3a6,10389428,640088,3,3,Iragarkien Tartea (Zion Train remix),136847,212106,0,2011-05-16 18:08:20.288158+02
8942121,7da3c32f-71be-3cb5-b30f-baebc326fc27,10389430,640088,5,5,Ezin Ihesi Berlin (Around The World) (Rob Smith remix),136847,288506,0,2011-05-16 18:08:20.288158+02
8942124,59901428-ba7b-3c2c-99b7-7b237a9802fd,10389433,640088,8,8,Loturak (Xabi Pery remix),136847,229440,0,2011-05-16 18:08:20.288158+02
8942125,ff14b52e-4bcc-37fc-a017-b1fa53f912da,10389434,640088,9,9,Hau Dena (Zion Train remix),136847,217186,0,2011-05-16 18:08:20.288158+02
9758221,cc2f26dd-1707-3205-af0f-b9151379f839,11262539,851638,1,1,Touch The Sun,55290,348000,0,2011-05-16 18:08:20.288158+02
9758223,1c6d772f-d937-3e63-b8ed-09360dca111b,11262541,851638,3,3,Edge Of Forever,55290,348000,0,2011-05-16 18:08:20.288158+02
9959295,93965a58-9a15-3de2-bbb9-bbdfcddd1f7e,11485605,742104,2,2,Promises (Con4t 2 a Fool),60455,311000,0,2011-05-16 18:08:20.288158+02
9959296,dc201f94-4fab-365d-94d9-51d0cb33c637,11485606,742104,3,3,Burn Like Rome,60455,229000,0,2011-05-16 18:08:20.288158+02
9959303,f28acea9-d2e7-38eb-bf6f-5f77e7bd94fd,11485613,742104,10,10,Cos2 Is a Sinner,60455,275000,0,2011-05-16 18:08:20.288158+02
9959304,7680cf56-b674-3eec-aa1c-5e860a1a9011,11485614,742104,11,11,Bound 2 Be a Drag,60455,308000,0,2011-05-16 18:08:20.288158+02
9959308,3784a6e9-7199-3174-9883-8064170bd444,11485629,742106,4,4,Burn Like Rome,60455,235000,0,2011-05-16 18:08:20.288158+02
10109792,2817dbba-a0ee-3b48-9d4c-45cddae8e064,11653737,755916,1,1,Sac'ki:15,754766,376000,0,2011-05-16 18:08:20.288158+02
10109797,64f7c3ab-7347-3591-acbc-29dd10ac33ac,11653742,755916,6,6,Gone Tomorrow,754747,431000,0,2011-05-16 18:08:20.288158+02
10619221,2af37429-ce30-3ff3-9e28-708649d7ed02,12215183,811003,1,1,Holographic Dystopias,707464,,0,2011-05-16 18:08:20.288158+02
10686841,6a9e3d3b-4a58-3b36-b763-7cfcd642b99a,12290740,820157,5,5,Wiegenlied,761525,139226,0,2011-05-16 18:08:20.288158+02
10686847,72cb9e9f-e261-38d1-8292-6131a103acaf,12290746,820157,11,11,Es ist ein Schnee gefallen,761525,134813,0,2011-05-16 18:08:20.288158+02
10686850,322808a9-bde4-368e-a6a1-deb9e9b9297c,12290749,820157,14,14,Der Winter ist gekommen,761525,136360,0,2011-05-16 18:08:20.288158+02
10686852,239b804a-082a-3100-b090-2e4d2422ac4f,12290751,820157,16,16,Der Bettelvogt,761525,229373,0,2011-05-16 18:08:20.288158+02
10686853,7784c88c-97be-3963-b9a0-89f0b5cd2ef1,12290752,820157,17,17,Das Blutgericht,761525,236013,0,2011-05-16 18:08:20.288158+02
10686856,f402d794-1e81-3e49-8f9b-adbc77be95a5,12290755,820157,20,20,Es ist an der Zeit,761525,305280,0,2011-05-16 18:08:20.288158+02
10686861,7c4cf3ae-0fef-3ccb-bcdd-5188dde33a9d,12290760,820157,25,25,"Tanz rüber, tanz nüber",761525,114520,0,2011-05-16 18:08:20.288158+02
10686862,d5fbe1b4-9ec9-37a6-9092-7ff946a1551f,12290761,820157,26,26,"Bet, Kinder bet",761525,61453,0,2011-05-16 18:08:20.288158+02
6931747,6dc83093-6226-3c55-873a-79bbea43cfa5,8229878,415676,3,3,Feel It (Greatest DJ remix),34480,176000,0,2011-06-14 21:38:59.909605+02
6931751,3b409998-795c-3d07-a2a8-7c780ab20481,8229882,415676,7,7,Rocking (Stoneface & Terminal remix),127468,315000,0,2011-06-14 21:38:59.909605+02
6931753,2f2a3125-4e2e-3241-9e99-9c9e20b981de,8229884,415676,9,9,Love Theme Dusk,818553,333000,0,2011-06-14 21:38:59.909605+02
6931757,d3896f66-c51a-3cb0-af82-bffa77c320b8,8229888,415676,13,13,Explosion,352987,161000,0,2011-06-14 21:38:59.909605+02
6931760,0c6eede0-7cf2-38f9-a252-be6ac349cef0,8229891,415676,16,16,"I Want, I Need, I Love",43671,256000,0,2011-06-14 21:38:59.909605+02
11331711,a2cebad2-56ad-312a-9049-7ade4f47fc8e,12889866,1096486,4,4,Falling Star (Radio Edit),48339,213000,0,2011-11-01 06:54:27.361852+01
11713037,556d2272-5af3-3be7-a269-866aec4cb562,13168477,1127075,10,10,Фрида,529441,260000,0,2012-01-21 00:06:54.291585+01
11713040,e794822a-c37e-3ea7-a8e5-c5040a56579d,13168480,1127075,13,13,Хочу остаться,529441,272000,0,2012-01-21 00:06:54.291585+01
11781389,d6db66d0-c32f-3efc-b728-db7b67a4333f,13209379,1131649,1,1,Βουτιά,219729,,0,2012-02-01 16:16:06.769627+01
11781391,c8f6a85b-ad2d-3a3a-9d7f-d1c39f6440c3,13209381,1131649,3,3,Να πληρώνω,219729,,0,2012-02-01 16:16:06.769627+01
11781392,91cd371a-4ffe-36b1-bbeb-ee97e129b3e3,13209382,1131649,4,4,Κι εσύ αργείς,219729,,0,2012-02-01 16:16:06.769627+01
11781396,c21ad039-58bb-35f5-9a78-395765da069d,13209386,1131649,8,8,Από δω,219729,,0,2012-02-01 16:16:06.769627+01
11781398,ab8a671e-aa7a-3773-91b5-a6c11b167b35,13209388,1131649,10,10,Πιο ψηλά,219729,,0,2012-02-01 16:16:06.769627+01
12141127,c7f079c2-3c20-3120-a920-2b502c34e82b,2322698,909660,1,1,The Right Set (Keep It to Yourself),158469,159853,0,2012-04-06 00:12:28.492982+02
12141129,6c3afd8f-8158-3b5c-8994-5d7278871de9,2322700,909660,3,3,Right Where I Was Told,158469,159373,0,2012-04-06 00:12:28.492982+02
12141133,936b33a5-8715-3e6d-9785-59d9c957bcd9,2322704,909660,7,7,Takin Up Time,158469,178186,0,2012-04-06 00:12:28.492982+02
12739671,62e5e951-0455-3e83-a0ff-cb05192d13cc,9106864,512299,2,B,This Is Soul,100768,163000,0,2012-07-04 08:03:03.394139+02
12744101,68892d56-cf66-30e6-b989-c9247899d615,7865367,370912,2,A2,"Summer Rainbow (Stardub's Stripped Down to the Bone"" edit)""",66574,,0,2012-07-04 20:40:36.538675+02
12744102,5d84bf07-d8c7-3544-99bf-36b1cb1bd9f8,7865368,370912,3,B,Clouds (Steve Bug remix),513168,,0,2012-07-04 20:40:36.538675+02
12861567,72857a3c-4468-3a49-906d-5b793e35182a,13782322,1200892,2,2,Baby Got Back,1154853,263000,0,2013-04-19 20:00:24.079323+02
12861574,d43001ee-6e86-3557-b43b-515e1fd0f1f3,13782329,1200892,9,9,My Hooptie,1154853,287000,0,2013-04-19 20:00:24.079323+02
12861575,8a976636-7d04-341d-b31d-9e926ba6f818,13782330,1200892,10,10,Baby Got Back (Rock mix),1154853,279000,0,2013-04-19 20:00:24.079323+02
12861576,ab7a4610-3446-32e5-9445-5aa4a7830ac0,13782331,1200892,11,11,Pimp Wit It,1154853,204000,0,2013-04-19 20:00:24.079323+02
13374134,2870efff-80e3-3b3f-a8a5-d2431bb1276e,14066360,1232006,1,1,Avio Muva,977507,438000,0,2012-10-08 19:49:27.166865+02
13374137,c928e4fb-f467-3bff-8083-d32945ee1eb4,14066363,1232006,4,4,Conclave Oibscrum,977507,192000,0,2012-10-08 19:49:27.166865+02
13374138,51fa8272-f28c-329e-b502-09050c4899a1,14066364,1232006,5,5,Crucified Jesus in Databus,977507,514000,0,2012-10-08 19:49:27.166865+02
13374151,a2f17997-739e-380f-9dcb-7d8872902e65,14066377,1232007,8,8,U Create Ur Own God,977507,394000,0,2012-10-08 19:49:27.166865+02
14196544,a31ab067-40d1-3ba0-8d37-e7b1634e6ced,14419864,1287761,1,1,Memories,826231,284000,0,2013-02-12 05:28:56.080463+01
14380918,eabf09a9-afdd-3746-910a-9833d2599ff3,11152093,703604,1,1,"Symphony no. 8 in E-flat major ""Symphony of a Thousand"": Teil I, Bar 1. ""Veni, creator spiritus""",10293,81493,0,2013-03-14 18:53:13.800592+01
14380919,8b743d30-cbc9-3219-ade2-a1e0bd3a0717,11152094,703604,2,2,"Symphony no. 8 in E-flat major ""Symphony of a Thousand"": Teil I, Bar 46. ""Imple superna gratia""",10293,182373,0,2013-03-14 18:53:13.800592+01
14380925,64483aed-3246-3b98-8d60-c99e768c7c2a,11152100,703604,8,8,"Symphony no. 8 in E-flat major ""Symphony of a Thousand"": Teil I, Bar 488. ""Gloria sit Patri Domino""",10293,187893,0,2013-03-14 18:53:13.800592+01
14380928,2383ef92-beac-3680-86c6-1bcfbf827f83,11152103,703604,11,11,"Symphony no. 8 in E-flat major ""Symphony of a Thousand"": Teil II, Bar 167. Chor und Echo: ""Waldung, sie schwankt heran""",10293,233693,0,2013-03-14 18:53:13.800592+01
14380932,78bf1016-ae2e-3f49-9023-55f39c82d94e,11152107,703604,15,15,"Symphony no. 8 in E-flat major ""Symphony of a Thousand"": Teil II, Bar 436. ""Jene Rosen aus den Händen"" (Chor der jüngeren Engel)",10293,102506,0,2013-03-14 18:53:13.800592+01
14380936,f988dec9-4130-367e-a370-1c1a43ddcb5d,11152111,703604,19,19,"Symphony no. 8 in E-flat major ""Symphony of a Thousand"": Teil II, Bar 780. ""Dir, der Unberührbaren"" (Chor I/II) - ""Du schwebst zu Höhen"" (Chor der Büsserinnen und Una poenitentium)",10293,184306,0,2013-03-14 18:53:13.800592+01
14380942,cdff4636-efdf-3f1e-a288-5a378a7c19fb,11152117,703604,25,25,[applause],951204,95266,0,2013-03-14 18:53:13.800592+01
14737899,024a10c7-195c-3490-9138-2c4e9715aaba,8229829,415670,15,15,Revolution (vs. John Marks),352987,255000,0,2013-05-12 20:29:30.830067+02
14914583,bcbef11c-121f-4c9c-8bc7-7064257f2d49,3903321,1336399,4,4,Solar Waves,205714,173000,0,2013-06-05 18:46:24.529824+02
14914584,527ae891-bc07-4daf-bca1-7d0a3789503a,3903324,1336399,5,5,"Tomorrow, Yesterday",205714,223000,0,2013-06-05 18:46:24.529824+02
15237413,78be1486-7cb5-40ad-8e41-dc6d47b15c64,547850,1361156,1,1,I Want You (vocal),962,274960,0,2013-08-16 05:25:39.347826+02
15237420,b6fdf435-0c75-40cc-bce9-47244fa40569,547858,1361156,8,8,Since I Had You,962,245826,0,2013-08-16 05:25:39.347826+02
15255145,2f124aa3-cae4-4f41-87f1-8c404f44b780,15194507,1362825,2,2,"""Ist nicht Ephraim mein teurer Sohn"", SWV 40",1206709,366000,0,2013-08-17 20:20:17.387859+02
58110,d92704d3-b3ff-34e1-b5f5-d8ced3513283,72659,991142,2,2,Liza,5489,200000,0,2011-05-16 18:08:20.288158+02
58112,47e373ac-2ba9-387f-a01f-c268f5b937ab,72661,991142,4,4,All God's Chillun Got Rhythm,5489,158000,0,2011-05-16 18:08:20.288158+02
58115,9e020ae9-a4e1-3177-9238-31a74bbd8436,72664,991142,7,7,After All,5489,292000,0,2011-05-16 18:08:20.288158+02
58119,9c725feb-ce7e-37c9-a9c8-ccfd4dd385a1,72668,991142,11,11,Slicer,5489,316000,0,2011-05-16 18:08:20.288158+02
271077,b1b6d41a-21df-3bb3-a3e1-ed6faa6b8642,313856,77259,3,3,Single (Photek remix),319,319160,0,2011-05-16 18:08:20.288158+02
271078,5625a352-df1f-3a00-a703-55aa34529b42,313857,77259,4,4,Walking Wounded (Omni Trio mix),319,403333,0,2011-05-16 18:08:20.288158+02
271079,1d4ef6a7-ad9c-3d34-90b2-67220fb08363,313858,77259,5,5,Walking Wounded (Dave Wallace remix),319,496040,0,2011-05-16 18:08:20.288158+02
476231,627256d3-669b-36c7-a582-2c4bdaac04b4,547855,320679,5,5,I Wanna Be Where You Are,962,78426,0,2011-05-16 18:08:20.288158+02
476242,2347efd1-8e31-3b28-801b-c096a66e45d7,547855,823517,5,5,I Wanna Be Where You Are,962,78426,0,2011-05-16 18:08:20.288158+02
476253,89da9d6b-0ae5-3bb8-9751-4faf3f79f7ee,547855,823526,5,5,I Wanna Be Where You Are,962,78426,0,2011-05-16 18:08:20.288158+02
476233,eb54fe45-bb17-3958-9107-efe975dfb964,547857,320679,7,7,All the Way Around,962,230373,0,2011-05-16 18:08:20.288158+02
476244,4f24e2ff-9592-3cda-99bb-d3f088fb91bc,547857,823517,7,7,All the Way Around,962,230373,0,2011-05-16 18:08:20.288158+02
476255,4ddabf67-aa62-361f-8ce6-3c58247b32a2,547857,823526,7,7,All the Way Around,962,230373,0,2011-05-16 18:08:20.288158+02
1340801,c6b18f31-f403-3a76-ad18-0ab20096e498,1583281,576610,1,1,거부,112011,192306,0,2011-05-16 18:08:20.288158+02
1340813,725ef672-7db2-35a9-a3d7-f6ce8714d9c2,1583281,576611,1,1,거부,112011,192306,0,2011-05-16 18:08:20.288158+02
1340803,9982fd91-540b-39cb-89f0-9da86c2c4ea8,1583283,576610,3,3,혼잣말,112011,284013,0,2011-05-16 18:08:20.288158+02
1340815,24bf519a-27eb-3269-9648-141dbe5f3756,1583283,576611,3,3,혼잣말,112011,284013,0,2011-05-16 18:08:20.288158+02
1340805,38ecbc55-ac3c-3de8-b7e6-34906e836fa5,1583285,576610,5,5,Clear Vision,112011,302466,0,2011-05-16 18:08:20.288158+02
1340817,e8b536c7-ec50-3cc1-8787-b8fc7eeb0b8e,1583285,576611,5,5,Clear Vision,112011,302466,0,2011-05-16 18:08:20.288158+02
1340806,a1d9fae0-071d-35e7-8738-02c22e98c8e5,1583286,576610,6,6,Je ne veux pas [원치않아],112011,292800,0,2011-05-16 18:08:20.288158+02
1340818,333afb77-59c5-313b-97cc-c48feafea215,1583286,576611,6,6,Je ne veux pas [원치않아],112011,292800,0,2011-05-16 18:08:20.288158+02
1340808,8a298f79-7bb2-3db4-8ef8-2a6b7b409970,1583288,576610,8,8,Sadness,112011,259360,0,2011-05-16 18:08:20.288158+02
1340820,d8cb92c1-b91d-3bc6-92ef-eed0121691c5,1583288,576611,8,8,Sadness,112011,259360,0,2011-05-16 18:08:20.288158+02
1340809,5aa76918-7892-3c8e-af07-23ccf08ab67c,1583289,576610,9,9,Wine,112011,255826,0,2011-05-16 18:08:20.288158+02
1340821,8376c9c8-8cc8-35ef-8a40-48b9908f4e32,1583289,576611,9,9,Wine,112011,255826,0,2011-05-16 18:08:20.288158+02
1420179,38cefe46-415b-339d-82f1-d058f5632f6d,1677165,327888,3,3,I Wanna Get High,84,221933,0,2011-05-16 18:08:20.288158+02
1420182,9bee06c0-6081-37d2-ab1a-7be2b8db77a9,860921,327888,6,6,Who's Got the Herb?,360,290240,0,2011-05-16 18:08:20.288158+02
1420191,a0d6e7a2-bbf8-333d-bc21-d45b019f9e74,1677177,327888,15,15,High Time We Went,2474,238773,0,2011-05-16 18:08:20.288158+02
1420192,89679d4e-0594-35cf-8449-ff912c16e19b,1677178,327888,16,16,Pot Head Pixies,64076,178000,0,2011-05-16 18:08:20.288158+02
1482346,bd38e85f-28ef-3f55-920d-7ded2b6bcdf9,544046,162,7,7,You've Lost That Lovin' Feeling,37921,278693,0,2011-11-23 19:00:17.212198+01
1741020,6ce9782e-f192-38b9-9c80-ef58565d41d5,2069400,221485,5,5,I Wanna Be Where You Are (unedited demo),962,367146,0,2011-05-16 18:08:20.288158+02
1741034,1114f10c-1ab7-3a6a-be2c-9976a7b02dbc,2069400,373548,5,5,I Wanna Be Where You Are (unedited demo),962,367146,0,2011-05-16 18:08:20.288158+02
1741022,3d12ae62-e601-3f02-91d5-0b7340015295,2069402,221485,7,7,All the Way Around (alternate),962,232466,0,2011-05-16 18:08:20.288158+02
1741036,6952e756-23f3-3b44-9ad8-4fa254ff5a46,2069402,373548,7,7,All the Way Around (alternate),962,232466,0,2011-05-16 18:08:20.288158+02
1826517,0bc79113-392d-3e85-9fac-9c377d30320e,2175919,1019020,12,12,I'm Ready,58589,180026,0,2011-05-16 18:08:20.288158+02
1826509,2e2e3d02-69c5-355c-8b82-aedc92d452fa,2175911,1019020,4,4,"Black, White & Blue",58589,279893,0,2011-05-16 18:08:20.288158+02
1826513,f0e2ed29-dafd-3cf2-a847-dc2f629b58de,2175915,1019020,8,8,Key to the Highway,58589,214240,0,2011-05-16 18:08:20.288158+02
2423596,07b449ee-6a06-3c1c-bd16-0b95e95101c6,2899494,1037917,8,8,Too Many Women,20422,254560,0,2011-05-16 18:08:20.288158+02
2553355,b8d15535-f3d5-3e95-83d1-df207eabb385,11177646,683929,13,13,Qui a tort,51778,194640,0,2011-06-18 01:00:11.047591+02
2666085,068d3e4b-fcee-3c3f-8aad-cd7b36bc1be0,3199563,77870,3,3,Untitled 12,3214,,0,2011-05-16 18:08:20.288158+02
3747924,cdf2ae59-5c26-331e-bab5-9933c92ec7a5,4554725,960349,2,2,Rhiannon,199457,,0,2011-05-16 18:08:20.288158+02
3747931,91bba390-337c-3810-ae3d-e4a3dd01ca64,4554732,960349,9,9,Adar Rhiannon (Birds of Rhiannon),199457,,0,2011-05-16 18:08:20.288158+02
3747932,644b8e14-9284-32ca-a5c6-fb28e51d795e,4554733,960349,10,10,Hwiangerdd (Cradlesong),199457,,0,2011-05-16 18:08:20.288158+02
3747933,206ae29e-4dac-3629-872e-9cd6d4292cf0,4554734,960349,11,11,Manawydan yn Llundain (Manawydan in London),199457,,0,2011-05-16 18:08:20.288158+02
3747936,04e476c1-de62-3dcd-bee9-12a231906cc1,4554737,960349,14,14,Crogbren i Lygoden (A Gallows for a Mouse),199457,,0,2011-05-16 18:08:20.288158+02
3747939,55fe400a-de05-3808-aa0c-c63b6dfb4180,4554740,960349,17,17,"Arianhrhod-Morwyn Anhebygol (Arianhrhod, Unlikely Virgin)",199457,,0,2011-05-16 18:08:20.288158+02
3747941,f7df61ce-26a6-35a6-a166-cd12b2d3c251,4554742,960349,19,19,Cân Gwydion i Lleu (Gwydion's Song to Lleu),199457,,0,2011-05-16 18:08:20.288158+02
3808813,06d25bff-5bc0-38f1-8e57-35d56beeed11,4632430,269763,1,1,The Gift,212213,75000,0,2011-05-16 18:08:20.288158+02
3808823,27db14e7-628a-3cea-8e02-8e5bce504970,4632440,269763,11,11,138,212213,235000,0,2011-05-16 18:08:20.288158+02
3879536,c816a648-a4a2-341c-b295-c78c2c61f256,4721883,380756,11,11,Wake Me Up! (Extended Version),78207,590040,0,2011-05-16 18:08:20.288158+02
4282226,5803ce84-08e1-3fe0-b126-a700e6606ab6,5271171,98008,4,4,God Moves on the Water,171639,218200,0,2011-05-16 18:08:20.288158+02
4282227,7201cf78-9c04-3535-9a3c-ef6cb6b618a9,5271172,98008,5,5,Castin' My Spell,125575,210746,0,2011-05-16 18:08:20.288158+02
4282231,3e3b0ee9-3218-3268-8805-b0c9e615245b,5271176,98008,9,9,Midnight Hour,269907,338546,0,2011-05-16 18:08:20.288158+02
4820099,906d5d61-914f-363f-8b52-e020b20db183,5930395,161193,18,18,På min lysegrønne ø,187812,293226,0,2011-05-16 18:08:20.288158+02
4820100,f59e0b96-8fb3-3461-b415-9d9f9538092c,5930396,161193,19,19,Det er en af de gutter,187812,166533,0,2011-05-16 18:08:20.288158+02
4820131,f52e9f65-ba7a-3290-a32d-e27a0148d7af,5930427,161195,11,11,Jeg vil leve á la carte,187812,210973,0,2011-05-16 18:08:20.288158+02
4820134,50680232-8c93-336a-8913-b572cc9c227c,5930430,161195,14,14,"Drømnmer man om den, vågner man aldrig op igen",187812,182066,0,2011-05-16 18:08:20.288158+02
4820137,387b98f2-145b-37b9-857a-0fbdf98236a1,5930433,161195,17,17,Kom Karoline,187812,172600,0,2011-05-16 18:08:20.288158+02
4820140,1768bddd-bab3-3ac2-93b1-27bb82ed4092,5930436,161195,20,20,"Å hvor jeg, ih hvor jeg, uh hvor jeg vil",187812,182493,0,2011-05-16 18:08:20.288158+02
4820141,802856b7-3893-3d7f-b7b1-e97b97872c26,5930437,161195,21,21,Kammerat vær en mand,187812,189533,0,2011-05-16 18:08:20.288158+02
4861020,350ade46-ff99-3a9a-8416-d1c105500977,5977343,166628,7,7,Enter the Eternal Fire,79977,394773,0,2011-05-16 18:08:20.288158+02
5109714,7a48a5a9-682b-32f5-aaca-131e64b02313,547855,221484,5,5,I Wanna Be Where You Are,962,77333,0,2011-05-16 18:08:20.288158+02
5109728,9e6a8e07-59c3-3071-9668-df929e50acc9,547855,373542,5,5,I Wanna Be Where You Are,962,77333,0,2011-05-16 18:08:20.288158+02
5109716,edd77dba-8c18-3e2b-8193-84480da0bb5b,6257466,221484,7,7,All the Way Around,962,230880,0,2011-05-16 18:08:20.288158+02
5109730,043b517c-78ef-32d6-ac6c-96f8d8ac0af8,6257466,373542,7,7,All the Way Around,962,230880,0,2011-05-16 18:08:20.288158+02
5109721,0f27dce0-13ce-3092-9c5a-14d137696634,6257471,221484,12,12,"I Want You (vocal, promo only version)",962,218000,0,2011-05-16 18:08:20.288158+02
5109735,b39a53f1-9784-3c15-bc91-a1104650297a,6257471,373542,12,12,"I Want You (vocal, promo only version)",962,218000,0,2011-05-16 18:08:20.288158+02
5109723,4ba75e4f-439c-3dd5-a91d-2accae93cf70,6257473,221484,14,14,Strange Love (Feel All My Love Inside) (instrumental),962,177706,0,2011-05-16 18:08:20.288158+02
5109737,911c350e-8898-3ea8-87d5-a933a534d7c1,6257473,373542,14,14,Strange Love (Feel All My Love Inside) (instrumental),962,177706,0,2011-05-16 18:08:20.288158+02
5664779,50ae73a1-c0ae-3878-b613-d45ee9730562,6864068,260629,2,2,Demonizer,1660,283133,0,2011-05-16 18:08:20.288158+02
6112173,13c057e7-951f-3b9a-8a33-a791a57fbcf6,7345349,312224,6,6,After All,57588,250440,0,2011-05-16 18:08:20.288158+02
6112174,eda6cb88-119c-31ce-aee8-b67be91cb361,7345350,312224,7,7,Improvisation N.1,57588,282546,0,2011-05-16 18:08:20.288158+02
6112179,cc2e5c87-fa5b-3569-bfe8-83e87db5f084,7345355,312224,12,12,Never Always,57588,353373,0,2011-05-16 18:08:20.288158+02
6123741,45653e9f-e63c-3930-af3c-4db26e35db7c,7358177,313356,10,10,"Symphony No. 14, BVN 336 ""Morgenen"": II. Upåagtede morgenstjerner (Unnoticed Morning Stars)",471912,437493,0,2011-05-16 18:08:20.288158+02
7319027,75a4ab1f-5e04-3af9-b1e2-f2e5a3d21b78,8642238,991774,1,1,Vaudou,175650,213000,0,2011-05-16 18:08:20.288158+02
7319030,0d736889-4f3c-38ba-9d8d-a7b694a36084,8642241,991774,4,4,Bien au chaud,175650,232000,0,2011-05-16 18:08:20.288158+02
7319033,0e25f556-c529-3001-804c-46daf84b22c9,8642244,991774,7,7,Déranger,175650,270000,0,2011-05-16 18:08:20.288158+02
8378169,0a750716-99e8-384d-9225-f78664f7b6a6,9788996,586791,5,5,Devil in My Bed,55741,347000,0,2011-05-16 18:08:20.288158+02
8378170,ddab6a85-6518-3528-a345-477c9c21be8d,9788997,586791,6,6,First Floor,66501,256000,0,2011-05-16 18:08:20.288158+02
8378178,92fed80f-4ea9-3c58-9c8c-321915e7b596,9789005,586791,14,14,Plump,3382,343000,0,2011-05-16 18:08:20.288158+02
8378179,bf12ae46-32e0-3d86-b279-bbe9500731ca,9789006,586791,15,15,Melodie Für Jessica (Deep Dive Corp. mix),205715,357000,0,2011-05-16 18:08:20.288158+02
8802793,71057bf3-5c4a-319c-8830-1ae0439c87e4,10238871,856274,2,2,I tospann,132349,223666,0,2011-05-16 18:08:20.288158+02
8802800,827c7840-2fbc-3648-b455-bd3b4addae02,10238878,856274,9,9,Noen kommer noen går,132349,183000,0,2011-05-16 18:08:20.288158+02
8802801,5637a8ef-c646-33a9-8e2e-5d2c6ba13716,10238879,856274,10,10,Sundagskveld,132349,175333,0,2011-05-16 18:08:20.288158+02
8877440,9db4cbd5-6e03-351b-94cb-5a43d38ecb17,10320243,632380,6,6,מפריד ביננו ים,153623,,0,2011-05-16 18:08:20.288158+02
8877443,86d714d1-c812-3737-8722-e63acac8686b,10320246,632380,9,9,חבקי אותי,153623,,0,2011-05-16 18:08:20.288158+02
8942117,f333828a-65cc-36a9-b034-f888d3522741,10389426,640088,1,1,Asthmatic Lion (P3Z remix),136847,211600,0,2011-05-16 18:08:20.288158+02
9758222,2899b0c3-6556-3cd6-a8f1-611b8d5398c1,11262540,851638,2,2,Astronomica,55290,296000,0,2011-05-16 18:08:20.288158+02
9758224,989cfbed-c1c9-3396-b708-67a51f4dec46,11262542,851638,4,4,Rachel's Eyes,55290,273000,0,2011-05-16 18:08:20.288158+02
9959297,a9af34b7-0808-30bf-9e5f-442dc7a20b7a,11485607,742104,4,4,Noizze Time,60455,256000,0,2011-05-16 18:08:20.288158+02
9959298,7b24608f-2de4-3c0c-bba2-b3dcae2f80fe,11485608,742104,5,5,Rebel Rock,60455,284000,0,2011-05-16 18:08:20.288158+02
9959299,808be99c-943b-37d7-8f56-d3bc5e39918d,11485609,742104,6,6,Livin' With Friction,60455,293000,0,2011-05-16 18:08:20.288158+02
9959300,a6716439-7406-3178-bd0c-15866d1dc2cd,11485610,742104,7,7,Renegade in X-Ill,60455,262000,0,2011-05-16 18:08:20.288158+02
9959305,1cdba77e-b901-3128-82d1-b74cb7067b2b,11485626,742106,1,1,Renegade in X-Ill,60455,267000,0,2011-05-16 18:08:20.288158+02
9959306,a06531e5-302e-3dae-ad03-02253f5a14c4,11485627,742106,2,2,Dwelling in the Real World,60455,270000,0,2011-05-16 18:08:20.288158+02
9959309,390e487d-3cf8-3eba-8706-96d6ed8bb4e0,11485630,742106,5,5,Noizze Time,60455,252000,0,2011-05-16 18:08:20.288158+02
9959311,2cff0c03-d440-3b99-9155-63ea3857f09d,11485632,742106,7,7,Rebel Rock,60455,364000,0,2011-05-16 18:08:20.288158+02
10109796,1623bc54-bc1b-3655-a146-4ab0ee15dab4,11653741,755916,5,5,Buddha's Birthday,608372,536000,0,2011-05-16 18:08:20.288158+02
10109801,5d483de4-3833-31fc-8539-9c6286c6f91a,11653746,755916,10,10,S.O.S. (Slave Owning System),618957,493000,0,2011-05-16 18:08:20.288158+02
10619222,95162b5f-ec84-3ddc-b7fe-db9981b73719,12215184,811003,2,2,It Could Be Clouds,707464,,0,2011-05-16 18:08:20.288158+02
10619224,9bdb4ffd-6bef-31cc-a675-ce76074d650d,12215186,811003,4,4,The Space Between Atoms,707464,,0,2011-05-16 18:08:20.288158+02
10686838,fe3d8525-e5ee-3a1e-9b3c-0d7bf4e98e00,12290737,820157,2,2,Der Mai,761525,122760,0,2011-05-16 18:08:20.288158+02
10686843,179bead5-0d50-3f6b-88a8-4f5070c1930a,12290742,820157,7,7,Die Marketenderin,761525,187293,0,2011-05-16 18:08:20.288158+02
10686846,df0afcda-f732-312d-855a-590e04fe56e8,12290745,820157,10,10,Badisches Wiegenlied,761525,150026,0,2011-05-16 18:08:20.288158+02
10686849,f68e78f5-8b8f-382d-968d-10642026a236,12290748,820157,13,13,Starkdeutschwalzer,761525,138186,0,2011-05-16 18:08:20.288158+02
10686860,2adf0974-9047-30af-af43-d9338c7f6eab,12290759,820157,24,24,The Leaving of Liverpool,761525,227720,0,2011-05-16 18:08:20.288158+02
6931748,10fe2154-9b21-3e10-8e0b-dffc4a304162,8229879,415676,4,4,It's a Fine Day,211376,212000,0,2011-06-14 21:38:59.909605+02
6931750,89ce91f4-504d-3903-979a-0f2aa6bbae5b,8229881,415676,6,6,Outland,472141,270000,0,2011-06-14 21:38:59.909605+02
6931752,14d246ac-965a-3ac6-8fc6-7d3cf866020d,8229883,415676,8,8,Until Monday,828703,258000,0,2011-06-14 21:38:59.909605+02
6931754,0c4514f8-5af9-3853-b9db-35f8a1e9cea9,8229885,415676,10,10,Arrogance,540530,261000,0,2011-06-14 21:38:59.909605+02
6931755,9136de33-1d68-34ef-a5e2-f12b5eb3b214,8229886,415676,11,11,Secret,305679,208000,0,2011-06-14 21:38:59.909605+02
6931758,420d971d-30bb-38ec-b5b6-ebfbb574c417,8229889,415676,14,14,Quadrophobia (Klubbheads remix),314600,79000,0,2011-06-14 21:38:59.909605+02
6931759,def58592-28f4-3cc3-9da6-a0ec58d36ff3,8229890,415676,15,15,Check My Beat,462963,115000,0,2011-06-14 21:38:59.909605+02
6931763,f3d1a3e3-d5bd-3251-a7a0-77fcb0cfcc64,8229894,415676,19,19,"World, Hold On (feat. Steve Edwards) (Arwell remix)",2043,339000,0,2011-06-14 21:38:59.909605+02
11331708,fdf29528-c727-30ef-a475-8b33cb0935c4,12889863,1096486,1,1,Falling Star (Original Vox Mix),48339,401000,0,2011-11-01 06:54:27.361852+01
11331709,3dae0df3-60da-3608-819e-289eb818fdb1,12889864,1096486,2,2,Falling Star (Daniele Tignino Dub Mix),48339,419000,0,2011-11-01 06:54:27.361852+01
11331713,03b410a6-f653-3cc1-8f9e-5fd420cf755e,12889868,1096486,6,6,Falling Star (Dub Mix PvD Edit),48339,396000,0,2011-11-01 06:54:27.361852+01
11331714,966a67af-611b-3f6d-982c-6ea076fb2650,12889869,1096486,7,7,Falling Star (Radio Edit - Vandit),48339,220000,0,2011-11-01 06:54:27.361852+01
11331716,3626544c-ef07-3484-b5c4-7baa9d665546,12889871,1096486,9,9,Falling Star (Moulin Rouge),48339,355000,0,2011-11-01 06:54:27.361852+01
11713032,d26ba0cd-f014-3d4a-819e-d497d47d9f1b,13168472,1127075,5,5,Прячься,529441,183000,0,2012-01-21 00:06:54.291585+01
11713033,0e0bb35c-e5b5-3a97-bdd6-89fb3edb7725,13168473,1127075,6,6,Журавлики,529441,220000,0,2012-01-21 00:06:54.291585+01
11713038,40600c13-48c7-3a19-ae69-915a22067848,13168478,1127075,11,11,Крылья,529441,215000,0,2012-01-21 00:06:54.291585+01
11713039,bf3e1167-d3c7-3ffc-b048-d582cb3cc280,13168479,1127075,12,12,Питерский флоу,529441,243000,0,2012-01-21 00:06:54.291585+01
11781397,b01b7469-050b-3423-8d5a-a0ac1605d843,13209387,1131649,9,9,Έλα ε!,219729,,0,2012-02-01 16:16:06.769627+01
12141128,00c5d8f3-2fd3-3983-8e4e-3f431e0d0c99,2322699,909660,2,2,Why Would You Stay Here,158469,180986,0,2012-04-06 00:12:28.492982+02
12141131,82e5af7d-2cf5-38f9-adaa-1950fb96bb63,2322702,909660,5,5,After Dark,158469,108253,0,2012-04-06 00:12:28.492982+02
12739670,55d0ce00-74af-3cb0-ba1a-b580a9df167c,9106863,512299,1,A,(Sittin' on) The Dock of the Bay,100768,161000,0,2012-07-04 08:03:03.394139+02
12861572,b9d32d8a-325f-342c-be69-05ea5311b642,13782327,1200892,7,7,Posse on Broadway,1154853,305000,0,2013-04-19 20:00:24.079323+02
13374136,dbb4e232-d624-3ad1-af1c-ad12b2bac91b,14066362,1232006,3,3,Brake Your Neck,977507,495000,0,2012-10-08 19:49:27.166865+02
13374143,0c0cd3d3-c493-386f-97a5-5a318728d29c,14066369,1232006,10,10,Phone Akine Tone,977507,325000,0,2012-10-08 19:49:27.166865+02
13374146,7af501eb-d721-3f96-9239-a6ba0c131eec,14066372,1232007,3,3,Rhythm of the Roots,977507,389000,0,2012-10-08 19:49:27.166865+02
13374149,8c83cac5-fb93-320d-a549-04bb8bd750cd,14066375,1232007,6,6,Spiral Caterpillar,977507,597000,0,2012-10-08 19:49:27.166865+02
13510013,c90643db-9bc8-3e6d-9dd1-748d9afd7a12,3972392,326695,4,4,Shimmy Shimmy Ya (extended instrumental),841922,220000,0,2012-10-29 12:38:49.701452+01
13510014,12e9d5cc-9772-3e7a-9508-b31442058c69,3972395,326695,5,5,Baby C’mon (LP version instrumental),841922,222000,0,2012-10-29 12:38:49.701452+01
14380922,1d192130-993e-3508-92b9-d42ba9a431bd,11152097,703604,5,5,"Symphony no. 8 in E-flat major ""Symphony of a Thousand"": Teil I, Bar 211. ""Infirma nostri corporis""",10293,144093,0,2013-03-14 18:53:13.800592+01
14380923,b26e2718-3654-37f0-83dd-913f5b45dc9a,11152098,703604,6,6,"Symphony no. 8 in E-flat major ""Symphony of a Thousand"": Teil I, Bar 258. ""Accende lumen sensibus""",10293,253066,0,2013-03-14 18:53:13.800592+01
14380926,82790ee6-30cf-32fa-9d87-f987014a64bb,11152101,703604,9,9,"Symphony no. 8 in E-flat major ""Symphony of a Thousand"": Teil II, Bar 1. Poco adagio",10293,343600,0,2013-03-14 18:53:13.800592+01
14380927,0950f656-8e13-380c-981f-61697a2f9d53,11152102,703604,10,10,"Symphony no. 8 in E-flat major ""Symphony of a Thousand"": Teil II, Bar 97. Pìu mosso",10293,178773,0,2013-03-14 18:53:13.800592+01
14380929,86375b2f-53c2-323f-aa23-eda57cd51565,11152104,703604,12,12,"Symphony no. 8 in E-flat major ""Symphony of a Thousand"": Teil II, Bar 219. ""Ewiger Wonnenbrand"" (Pater scstaticus)",10293,79000,0,2013-03-14 18:53:13.800592+01
14380938,40bea8ab-dd6d-39ca-b07f-309fb51a6448,11152113,703604,21,21,"Symphony no. 8 in E-flat major ""Symphony of a Thousand"": Teil II, Bar 1093. ""Neige, neige"" (Una poenitentium)",10293,49000,0,2013-03-14 18:53:13.800592+01
3747943,7e043046-21de-31cd-97dc-e3746f511508,4554744,960349,21,21,Geiriau Ymadael (Parting Words),199457,,0,2011-05-16 18:08:20.288158+02
14380941,6e3b82ba-24fd-3fb9-987a-849a1b322c56,11152116,703604,24,24,"Symphony no. 8 in E-flat major ""Symphony of a Thousand"": Teil II, Bar 1449. Chorus mysticus: Alles Vergängliche ist nur ein Gleichnis",10293,309773,0,2013-03-14 18:53:13.800592+01
14666028,ed35e42c-2617-3e7a-81d7-7b92c6ffd9fe,14869544,1322427,1,1,Back To The Wall,1159548,190000,0,2013-05-01 17:30:58.849982+02
14666030,37af278d-c375-3883-b3c5-80b9cfe8a47d,14869546,1322427,3,3,Bubbles,1159548,288000,0,2013-05-01 17:30:58.849982+02
14666034,15e8f7b0-a31d-396e-bb34-c20a79186d6a,14869550,1322427,7,7,The Trooper,1159548,281000,0,2013-05-01 17:30:58.849982+02
14666036,6c4c4bb5-1fd0-3415-8c55-fa8cee69fc59,14869552,1322427,9,9,Supermassive Black Hole,1159548,231000,0,2013-05-01 17:30:58.849982+02
14666037,db380638-d13b-3051-a552-74029e1a7298,14869553,1322427,10,10,Theories of Revolution,1159548,252000,0,2013-05-01 17:30:58.849982+02
14666038,06131f56-68b4-30b4-8266-3d75b161dd1f,14869554,1322427,11,11,Big Scary Monster,1159548,350000,0,2013-05-01 17:30:58.849982+02
14737889,84beb5c6-098b-3e5a-81b2-c6b33c152909,8229819,415670,5,5,Edge of Space,363392,335000,0,2013-05-12 20:29:30.830067+02
14737890,9d948f46-ef7e-3fd9-98c2-c83175abddc7,8229820,415670,6,6,Breeze,335589,305000,0,2013-05-12 20:29:30.830067+02
14737893,525220be-c3a4-3d43-a0e0-4dd2dbbc6828,8229823,415670,9,9,Heaven's Tears,814284,296000,0,2013-05-12 20:29:30.830067+02
14737894,f80bc8d9-f934-34f9-9d7b-d3a59be355ed,8229824,415670,10,10,Feel (feat. Emma Nelson) (DJ Shog remix),55951,313000,0,2013-05-12 20:29:30.830067+02
14737897,82e27bc0-7d36-3c86-bbfa-bed4395d1c8c,8229827,415670,13,13,For the Love of a Princess (Braveheart 2006) (DJ Scot Project remix),187651,295000,0,2013-05-12 20:29:30.830067+02
14737901,e11e314e-43c3-31d3-b227-a5de94c52bff,8229831,415670,17,17,Energy Is You,166923,151000,0,2013-05-12 20:29:30.830067+02
14914586,de4d4757-3f4a-4c14-be2e-166c0d3ea75a,4708905,1336399,7,7,Dayscape,205712,271000,0,2013-06-05 18:46:24.529824+02
5664788,ffa6bce8-81f1-3ce3-99cb-0e1f9bb81250,2819323,260629,11,11,What About Love,2778,328866,0,2013-07-12 04:00:36.157567+02
15237417,1079ed49-f0d6-40f5-9c29-91f228acaf19,547855,1361156,5,5,I Wanna Be Where You Are,962,78440,0,2013-08-16 05:25:39.347826+02
15237419,3048fb93-a61b-43e7-b8cf-c7747c5acfdb,547857,1361156,7,7,All the Way Around,962,230333,0,2013-08-16 05:25:39.347826+02
15255144,6267c3d8-578e-4aae-9f43-28e445c112f2,15194506,1362825,1,1,"""Herr, unser Herrscher"", SWV 27",1206709,210000,0,2013-08-17 20:20:17.387859+02
15255148,86079326-adf2-4ec0-b7ab-f791b709c90a,15194510,1362825,5,5,"""Ich hebe meine Augen auf zu den Bergen"", SWV 31",1206709,485000,0,2013-08-17 20:20:17.387859+02
15255153,329647e3-a83d-46e5-92db-852aaf240822,15194515,1362825,10,10,"""Alleluja! Lobet den Herren in seinem Heiligtum"" SWV 38",1206709,430000,0,2013-08-17 20:20:17.387859+02
58117,e976e426-9418-37e5-beb1-d93307845b30,72666,991142,9,9,I Want You All the Time,5489,306000,0,2011-05-16 18:08:20.288158+02
476228,738cde4f-2bd8-3a8c-95f0-56f72612c3eb,547852,320679,2,2,Come Live With Me Angel,962,390173,0,2011-05-16 18:08:20.288158+02
476239,eb37492c-3140-3409-a877-c592a641ac11,547852,823517,2,2,Come Live With Me Angel,962,390173,0,2011-05-16 18:08:20.288158+02
476250,0029a424-d60a-376e-8ee9-60a005ff1e33,547852,823526,2,2,Come Live With Me Angel,962,390173,0,2011-05-16 18:08:20.288158+02
476230,b36f75d3-a0bd-38e5-b8e6-8629e71b1175,547854,320679,4,4,Feel All My Love Inside,962,202773,0,2011-05-16 18:08:20.288158+02
476241,da206faa-ab67-33d8-af95-ed9ea951df36,547854,823517,4,4,Feel All My Love Inside,962,202773,0,2011-05-16 18:08:20.288158+02
476252,aeb49071-6698-3afa-88b9-017817519f69,547854,823526,4,4,Feel All My Love Inside,962,202773,0,2011-05-16 18:08:20.288158+02
476235,c32a9593-de02-3242-97d5-1228a145dc1e,547859,320679,9,9,Soon I'll Be Loving You Again,962,195173,0,2011-05-16 18:08:20.288158+02
476246,f8b3a0a7-2597-3074-8ed9-f77d90188560,547859,823517,9,9,Soon I'll Be Loving You Again,962,195173,0,2011-05-16 18:08:20.288158+02
476257,9a1c9c90-a720-3338-8259-bebdb678bad1,547859,823526,9,9,Soon I'll Be Loving You Again,962,195173,0,2011-05-16 18:08:20.288158+02
1340802,c79742d4-e91b-38a1-9501-616024e8bf34,1583282,576610,2,2,Break Away,112011,262653,0,2011-05-16 18:08:20.288158+02
1340814,98dfcbd7-41d7-35e5-861c-fa7b73cb452d,1583282,576611,2,2,Break Away,112011,262653,0,2011-05-16 18:08:20.288158+02
1340804,6b7e13c9-2e5b-3557-91b1-e6dca6809608,1583284,576610,4,4,His Eye Is on the Sparrow,112011,278773,0,2011-05-16 18:08:20.288158+02
1340816,74357e31-30e0-3ea4-a2b6-aa3c0b3956b8,1583284,576611,4,4,His Eye Is on the Sparrow,112011,278773,0,2011-05-16 18:08:20.288158+02
1340810,a5395548-5330-3078-85df-3429f96cc4f8,1583290,576610,10,10,Deeper Than Blue,112011,274586,0,2011-05-16 18:08:20.288158+02
1340822,b9d7fa3e-2292-3474-a5f7-c163cf40f75e,1583290,576611,10,10,Deeper Than Blue,112011,274586,0,2011-05-16 18:08:20.288158+02
1340812,f2821fc9-9b56-3a0e-838d-db56d4a09ab5,1583292,576610,12,12,Ray's Rock House,112011,253654,0,2011-05-16 18:08:20.288158+02
1340824,88bf7f87-2af2-3e90-87fe-eeaaf1e78450,1583292,576611,12,12,Ray's Rock House,112011,253654,0,2011-05-16 18:08:20.288158+02
1420181,e3a09c57-5e0b-3b53-90e8-cf94cdde2676,1677167,327888,5,5,"Don't Step on the Grass, Sam",53232,343533,0,2011-05-16 18:08:20.288158+02
1420188,7e3f42e8-01e2-31d3-80b3-814825681052,1880906,327888,12,12,In the Flow,9503,270200,0,2011-05-16 18:08:20.288158+02
1482342,6c06a0f0-b8a1-3aa2-a1e4-8741ba138b5e,1750752,162,3,3,Someone Like You,37921,332333,0,2011-05-16 18:08:20.288158+02
1482343,ca1cd632-0dd6-324f-8770-dc2608923481,1750753,162,4,4,Melody for a Memory,37921,295040,0,2011-05-16 18:08:20.288158+02
1482344,5073f98e-5870-36ab-9e9f-51aa5ab28200,1750754,162,5,5,Everytime You Go Away (Remixed),37921,309000,0,2011-05-16 18:08:20.288158+02
1482345,6244617c-3321-3f3d-8755-800ca4209501,1750755,162,6,6,Have I Been Away Too Long,37921,263933,0,2011-05-16 18:08:20.288158+02
1482349,6ce86904-f5be-3910-a3a5-5235c7fc4eb5,7980351,162,10,10,Bigger Than Both of Us,37921,270373,0,2011-05-16 18:08:20.288158+02
1741026,e9bbc6ea-385a-3dd7-af64-eaffd1403c5f,2069406,221485,11,11,After the Dance (Don't You Wanna Come),962,314666,0,2011-05-16 18:08:20.288158+02
1741040,bccc5005-649b-3840-ac6f-0f3c623eb5e4,2069406,373548,11,11,After the Dance (Don't You Wanna Come),962,314666,0,2011-05-16 18:08:20.288158+02
1741027,f36466d8-9e1a-3a01-b479-b73d9a913990,2069407,221485,12,12,I Wanna Be Where You Are (After the Dance demo),962,241226,0,2011-05-16 18:08:20.288158+02
1741041,5c1a82af-8888-3d7d-b06f-56fdb77e49ef,2069407,373548,12,12,I Wanna Be Where You Are (After the Dance demo),962,241226,0,2011-05-16 18:08:20.288158+02
1741028,ddc944d6-d5b4-3b81-936d-11193829625f,2069408,221485,13,13,You Are the Way You Are (instrumental),962,266266,0,2011-05-16 18:08:20.288158+02
1741042,b20c71e6-85b6-3285-b785-716a57bdc511,2069408,373548,13,13,You Are the Way You Are (instrumental),962,266266,0,2011-05-16 18:08:20.288158+02
1741029,c5b98b7e-6f12-3b49-bab6-c76a77276e25,2069409,221485,14,14,Is Anybody Thinking About Their Living,962,263520,0,2011-05-16 18:08:20.288158+02
1741043,e1af04c9-73b4-3825-93c2-c38e2aeca9c6,2069409,373548,14,14,Is Anybody Thinking About Their Living,962,263520,0,2011-05-16 18:08:20.288158+02
1826512,2d7feb13-dc1f-3a55-9109-7912df3d8e9c,2175914,1019020,7,7,Speak of the Devil,58589,193600,0,2011-05-16 18:08:20.288158+02
1826514,461285eb-f342-35b8-b2af-51d196c48588,2175916,1019020,9,9,At Some Time,58589,255533,0,2011-05-16 18:08:20.288158+02
2288345,612cfa36-5954-30fa-b967-c84e282c4599,2735551,917934,1,1,Curve of the Earth,170912,,0,2011-05-16 18:08:20.288158+02
2423589,e621c308-dacc-3c0e-aba0-2b296ffa43c3,2899487,1037917,1,1,Love Is On Our Side Again,20422,243666,0,2011-05-16 18:08:20.288158+02
2423597,ce9131af-8ccb-3fe5-b2f0-0fac9b1345a3,2899495,1037917,9,9,If I Ever Needed You (I Need You Now),20422,226306,0,2011-05-16 18:08:20.288158+02
2553343,c1d273ec-5178-3786-963d-566af7f00aca,8672665,683929,1,1,Laisse-moi t'aimer,51778,203493,0,2011-06-18 01:00:09.236807+02
2553345,b2727843-417c-3b50-98aa-16d41647067f,3062916,683929,3,3,C'est ma prière,51778,185600,0,2011-05-16 18:08:20.288158+02
2553347,fc71ce84-bd0c-3b19-8492-cc4cf00551da,11177649,683929,5,5,"Tout donné, tout repris",51778,215426,0,2011-06-18 01:00:13.319616+02
2553348,6f7484c5-9144-3e6d-8e98-aed13916384a,12152631,683929,6,6,My Way,51778,240733,0,2011-06-18 01:00:14.682322+02
2553350,811557f5-b570-395e-a2bb-2b2a7d6070ef,3062921,683929,8,8,À corps perdu,51778,209400,0,2011-05-16 18:08:20.288158+02
2553353,1c9f0332-15f8-310c-ab6e-085a0d1850ae,3062924,683929,11,11,Mais dans la lumière,51778,217866,0,2011-05-16 18:08:20.288158+02
2553357,6454902d-d954-3308-9aff-d3a7fc6da72a,11292285,683929,15,15,Felicita,51778,150266,0,2011-06-18 01:00:10.326396+02
2553358,e5b4bc06-9079-398a-ae7f-2e732e614e69,3062929,683929,16,16,Das ist mein Lied,51778,149427,0,2011-05-16 18:08:20.288158+02
2910076,312807c2-9ef2-3b4e-8c1a-96aa80d83bbd,3501144,934230,2,2,Don't Turn Me On,11340,189706,0,2011-05-16 18:08:20.288158+02
3438747,3af58f63-5b4a-3906-8ae8-1f801ab5da76,4164535,483428,2,2,Black Betty (version album),11340,238893,0,2011-05-16 18:08:20.288158+02
3747926,0d2b68db-7d78-35d8-b2b1-c19b01d7c7cf,4554727,960349,4,4,Tair Morwynig (Three Nursemaids),199457,,0,2011-05-16 18:08:20.288158+02
3747929,552c6f55-1a8f-3a94-9845-1ea1508e3d69,4554730,960349,7,7,Branwen yn Iwerddon (Branwen in Ireland),199457,,0,2011-05-16 18:08:20.288158+02
3747930,a8e28ca4-d80f-3ec1-a072-9e98bde3d94f,4554731,960349,8,8,Pen Bran (Bran's Head),199457,,0,2011-05-16 18:08:20.288158+02
3747942,e7f4e134-97e3-3c76-be73-851fd971c3fd,4554743,960349,20,20,Marwolaeth Gronw (Death of Gronw),199457,,0,2011-05-16 18:08:20.288158+02
3808817,9239e4f9-fae4-3293-bdd4-7696659e3780,4632434,269763,5,5,A Concept From Fire,212213,174000,0,2011-05-16 18:08:20.288158+02
3808819,60da3526-15d6-3642-9960-f4568d86cf30,4632436,269763,7,7,The Cycle,212213,209000,0,2011-05-16 18:08:20.288158+02
3808820,ba8272b4-fd37-30e3-92bf-7cae9ca5282a,4632437,269763,8,8,Into Another Life,212213,238000,0,2011-05-16 18:08:20.288158+02
3879527,8438418f-6a89-35f3-b345-f96a1c30e01c,4721874,380756,2,2,Perfect World,78207,249866,0,2011-05-16 18:08:20.288158+02
3879528,1f02ad8e-dd76-3006-abda-583ba952f3fe,4721875,380756,3,3,One Life To Live,78207,215266,0,2011-05-16 18:08:20.288158+02
3879530,9d0a029e-db3d-3d7f-8447-5b2049971d7b,4721877,380756,5,5,Wake Me Up!,78207,237200,0,2011-05-16 18:08:20.288158+02
3879533,6e9f8259-501e-3fba-bc90-5dc0e8e3a8d0,4721880,380756,8,8,L'Audioarmonia,78207,227400,0,2011-05-16 18:08:20.288158+02
3879535,87b352af-2145-3345-8b67-3d5488bb02c1,4721882,380756,10,10,12Th Planet,78207,234200,0,2011-05-16 18:08:20.288158+02
3879537,dc99b014-6166-3f1b-a56b-7e51a3f0664f,4721884,380756,12,12,L'Audioarmonia (Extended Version),78207,441400,0,2011-05-16 18:08:20.288158+02
4282224,72ccc6c1-38e6-3686-a232-dc5148d73b2b,5271169,98008,2,2,Secret Weapon,204412,190280,0,2011-05-16 18:08:20.288158+02
4282228,968ecfa1-8113-3aa5-b4a3-c65ec8b6c34b,5271173,98008,6,6,Gimme Back My Wig,6075,210026,0,2011-05-16 18:08:20.288158+02
4282229,f9441d17-6c35-3e1b-96e9-02728037d181,5271174,98008,7,7,Kind Hearted Woman,325604,218586,0,2011-05-16 18:08:20.288158+02
4282232,3cc9a1a1-ff17-3bd3-8a43-cb489434b628,5271177,98008,10,10,Ain't Nobody's Business,318914,224106,0,2011-05-16 18:08:20.288158+02
4820085,7fe0025d-0f50-3120-b39a-43f28fcd17f7,5930381,161193,4,4,Nå,187812,342533,0,2011-05-16 18:08:20.288158+02
4820122,08687314-1cc5-37e1-a03b-8b21a055aa07,5930418,161195,2,2,La Garconne,187812,201106,0,2011-05-16 18:08:20.288158+02
4820123,72f2feb6-c2ef-38f0-90fb-9bae061adfda,5930419,161195,3,3,Valencia,187812,149733,0,2011-05-16 18:08:20.288158+02
4820127,12575754-50ea-33a2-aa35-51cbe3573ade,5930423,161195,7,7,Den gamle pige,187812,216373,0,2011-05-16 18:08:20.288158+02
4820129,77a02f85-ade8-3cd6-b673-550b3552c7ec,5930425,161195,9,9,Hvorfor skal de andre have det bedre end vi,187812,195626,0,2011-05-16 18:08:20.288158+02
4820130,31484b9b-5f22-3250-95b2-c13157f0e2ec,5930426,161195,10,10,Nogen gør det aldrig,187812,177466,0,2011-05-16 18:08:20.288158+02
4820142,869ce188-600d-3214-94fb-62b29b518edb,5930438,161195,22,22,Den var ikke ret stor men den var der,187812,181533,0,2011-05-16 18:08:20.288158+02
4861016,91a491b4-d624-3720-8936-7029d22f8431,2233811,166628,3,3,Into Armageddon,79977,277600,0,2011-05-16 18:08:20.288158+02
4861018,e3fb2821-fc39-34e6-8029-ab53e17e964b,5977382,166628,5,5,Die by the Sword,79977,201706,0,2011-05-16 18:08:20.288158+02
4861021,d13a2301-a002-3fde-96e0-035f6ee606d7,2716451,166628,8,8,Ridden With Disease,79977,277826,0,2011-05-16 18:08:20.288158+02
4861022,718b1cc1-5e51-39a0-a506-7e5fea1c95b3,3818802,166628,9,9,Moonchild,79977,279134,0,2011-05-16 18:08:20.288158+02
5109711,47f0a77f-de91-3783-a69c-9d5c98fdddad,6257461,221484,2,2,Come Live With Me Angel,962,390013,0,2011-05-16 18:08:20.288158+02
5109725,220075fa-1384-370f-83d7-a013265553ee,6257461,373542,2,2,Come Live With Me Angel,962,390013,0,2011-05-16 18:08:20.288158+02
5109713,d2a0c20a-d81f-34b4-844f-290e238e6b6a,6257463,221484,4,4,Feel All My Love Inside,962,203826,0,2011-05-16 18:08:20.288158+02
5109727,9369f2ad-7ba3-377a-805d-cccc6d1b55b2,6257463,373542,4,4,Feel All My Love Inside,962,203826,0,2011-05-16 18:08:20.288158+02
5109718,7571e7be-375c-324e-91f7-fa18298112fa,6257468,221484,9,9,Soon I'll Be Loving You Again,962,193826,0,2011-05-16 18:08:20.288158+02
5109732,6cd62584-3058-3f40-b902-e546ffdff6f3,6257468,373542,9,9,Soon I'll Be Loving You Again,962,193826,0,2011-05-16 18:08:20.288158+02
5664778,92fc6f3f-3bf3-3099-b254-91b2487b4e28,6864067,260629,1,1,Scream,985,288346,0,2011-05-16 18:08:20.288158+02
5664782,a61b1c80-623a-3306-b8ef-81c75997d115,6864071,260629,5,5,Raeson Is Treason,113298,226266,0,2011-05-16 18:08:20.288158+02
5664785,b19e2b45-336c-35db-af1b-97753a7f938d,6864074,260629,8,8,Any Minute Now,31292,191386,0,2011-05-16 18:08:20.288158+02
5664787,db07610f-cc2f-31c8-a4e6-0f870e67f174,6864076,260629,10,10,Writing on the Wall,33866,237920,0,2011-05-16 18:08:20.288158+02
5664789,a0154f3c-640e-3070-b7ff-1b39e7acf08e,6864078,260629,12,12,Orion,5025,264213,0,2011-05-16 18:08:20.288158+02
5664792,f49be772-9fed-3097-a068-55c9dc0b6331,6864081,260629,15,15,Crimson Rider,60661,242040,0,2011-05-16 18:08:20.288158+02
5664793,a47601c8-387e-3752-b09e-1acd28568c42,6864082,260629,16,16,Man Machine,41994,212560,0,2011-05-16 18:08:20.288158+02
6112171,5d69904d-16cf-36be-9edd-9428bf39fe90,7345347,312224,4,4,Fanfare,57588,53280,0,2011-05-16 18:08:20.288158+02
6112178,5e04bf22-2dff-32c8-a52c-8f7ee472b7ac,7345354,312224,11,11,Improvisation N.2,57588,282733,0,2011-05-16 18:08:20.288158+02
6123734,f1846d87-1582-38a2-9746-de727731aa87,7358170,313356,3,3,"Symphony No. 13, BVN 319 ""Undertro"": Andante -",471912,482426,0,2011-05-16 18:08:20.288158+02
6123736,40e6597d-b71e-3027-8489-ec860aa3797f,7358172,313356,5,5,"Symphony No. 13, BVN 319 ""Undertro"": Langsomt - Temmelig hurtigt (Slow - Rather Fast) -",471912,250613,0,2011-05-16 18:08:20.288158+02
6123738,b1306c48-e8bf-3360-bf7c-f347d0313da0,7358174,313356,7,7,"Symphony No. 13, BVN 319 ""Undertro"": Elegant! (Elegant!) -",471912,134066,0,2011-05-16 18:08:20.288158+02
6123742,84f7a952-621d-3e23-876e-32ae418f7ae9,7358178,313356,11,11,"Symphony No. 14, BVN 336 ""Morgenen"": III. Marmorkirken ringer (The Marble Church Rings)",471912,320320,0,2011-05-16 18:08:20.288158+02
6123743,b8a551a8-c6c6-3d53-a519-53955760ae7c,7358179,313356,12,12,"Symphony No. 14, BVN 336 ""Morgenen"": IV. De trætte står op til livet (The Tired Get Up for Life)",471912,323466,0,2011-05-16 18:08:20.288158+02
7134497,232211cb-1cd0-3f2b-bbb7-8978fd3ddecf,8445961,439759,2,2,Objective One,157129,,0,2011-05-16 18:08:20.288158+02
7319029,9530a1eb-6d5c-3ca7-9d4a-975a14f409a6,8642240,991774,3,3,On parle des yeux,175650,233000,0,2011-05-16 18:08:20.288158+02
7319031,c6af17a5-acfc-35a4-8585-e667ec81de24,8642242,991774,5,5,Ces femmes voilées,175650,235000,0,2011-05-16 18:08:20.288158+02
7319034,70d58095-bbac-331a-9944-ded3575b4cbe,8642245,991774,8,8,Dans l'eau de mes yeux verts,175650,235000,0,2011-05-16 18:08:20.288158+02
7319035,4238a63b-7972-3eb8-99d3-5fd8e3465db1,8642246,991774,9,9,Est-ce que tu m'aimes encore ?,175650,203000,0,2011-05-16 18:08:20.288158+02
8378165,196b735e-c99e-3247-ad1f-97d5aa00ac5a,9788992,586791,1,1,Air Brake,196143,42000,0,2011-05-16 18:08:20.288158+02
8378167,50b98707-2cf2-313a-85e6-abb0f99f651c,9788994,586791,3,3,Wagga,89460,124000,0,2011-05-16 18:08:20.288158+02
8378171,8aaf8a40-fcf0-352f-bd4c-74b596c63f84,9788998,586791,7,7,Contigo,403795,308000,0,2011-05-16 18:08:20.288158+02
8378172,39683053-195b-3117-9c9e-8599f7be0830,9788999,586791,8,8,The Birth of Double H,455273,204000,0,2011-05-16 18:08:20.288158+02
8378174,a931e1c0-a5f7-3909-a0d2-a9477cc97b12,9789001,586791,10,10,In My Soul,645347,296000,0,2011-05-16 18:08:20.288158+02
8378176,cc765f9c-d1e6-39d8-aba3-464192921b97,9789003,586791,12,12,Eyeball,328322,176000,0,2011-05-16 18:08:20.288158+02
8802794,5da71fab-77e6-3c76-a4de-b650905b93dc,10238872,856274,3,3,Haust,132349,164466,0,2011-05-16 18:08:20.288158+02
8802802,e9f4a09e-5278-3a9a-996c-1011e0467d51,10238880,856274,11,11,Fager kveldsol,132349,141466,0,2011-05-16 18:08:20.288158+02
8802803,97f1986a-7441-3c3e-b7cc-a0078344819f,10238881,856274,12,12,Ein landsby,132349,262960,0,2011-05-16 18:08:20.288158+02
8877435,93ebfaa0-2e08-3df6-a938-e6962ca7a71d,10320238,632380,1,1,אגדת 21,153623,,0,2011-05-16 18:08:20.288158+02
8877441,0e1d3b03-d0d1-33ff-829a-88a6246a5ed4,10320244,632380,7,7,"בית חרושת ""קופי"" בית חרושת לחוטים",153623,,0,2011-05-16 18:08:20.288158+02
8877447,a0be3463-7e32-3b19-a47e-ca1a4f3994b8,10320250,632380,13,13,סיטואציה,153623,,0,2011-05-16 18:08:20.288158+02
8942123,16a1fd9a-a8d5-3e39-a817-b8bd35c9303d,10389432,640088,7,7,Asthmatic Lion (Mexcore Flu-Nk remix by Toy Selectah),136847,250906,0,2011-05-16 18:08:20.288158+02
8942126,c0ba7a11-be94-3e2d-a133-6844555e796f,10389435,640088,10,10,Itzuliko Naiz (Angel Katarain remix),136847,326773,0,2011-05-16 18:08:20.288158+02
8942128,66239eb3-fd33-3d1c-b644-582339d49a99,10389437,640088,12,12,Simulakroa (Selector Matanzas remix),136847,312240,0,2011-05-16 18:08:20.288158+02
9959302,d1d53f36-5fb8-36ed-ad0e-53ed60ec8f54,11485612,742104,9,9,Jumping Jack Whiplash,60455,312000,0,2011-05-16 18:08:20.288158+02
9959310,469de1a0-9160-3464-a974-4273d8a57d6f,11485631,742106,6,6,Livin' With Fritction,60455,332000,0,2011-05-16 18:08:20.288158+02
10109793,c0823671-9bc5-3e69-81b9-cad57cd97fbf,11653738,755916,2,2,Bass Room,754767,386000,0,2011-05-16 18:08:20.288158+02
10109794,2293aa47-b48d-3eef-83c4-68b64003a3c3,11653739,755916,3,3,Rain Broken Dreams,754744,397000,0,2011-05-16 18:08:20.288158+02
10109795,3504b70c-2780-39ba-9e3d-def897db2d95,11653740,755916,4,4,Meteorite,618958,404000,0,2011-05-16 18:08:20.288158+02
10109798,ab95d747-6e46-3d58-8574-5ca4e5e2753c,11653743,755916,7,7,Genius,618950,407000,0,2011-05-16 18:08:20.288158+02
10109800,092551b1-89a7-32cf-8538-ca84ffed54ae,11653745,755916,9,9,Sun Eclipse (IBS Faction remix),618948,510000,0,2011-05-16 18:08:20.288158+02
10619223,9d85de20-b63c-3aa6-aa16-7323ec470789,12215185,811003,3,3,Hey! You Starseed Wanderer,707464,,0,2011-05-16 18:08:20.288158+02
10686837,6a05e363-aec6-324c-8c2f-8d924eaa91b6,12290736,820157,1,1,Es waren drei Gesellen,761525,221240,0,2011-05-16 18:08:20.288158+02
10686840,c50f268c-a0dd-3966-8e84-454263121922,12290739,820157,4,4,"Gottlob, dass ich ein Bauer bin",761525,111333,0,2011-05-16 18:08:20.288158+02
10686844,e6c13c7c-a36c-3f85-a7da-a46bfa9b46df,12290743,820157,8,8,"Herr Wirt, so lösche unsre Brände",761525,133213,0,2011-05-16 18:08:20.288158+02
10686845,b36150aa-b822-3fb0-8cfb-dbfbbc8b452f,12290744,820157,9,9,"Kum, fauler Lenz",761525,120560,0,2011-05-16 18:08:20.288158+02
10686854,92bfa7e2-7c1a-3630-9d33-bca3d94fbd36,12290753,820157,18,18,McPherson,761525,263280,0,2011-05-16 18:08:20.288158+02
6931745,aa854267-311d-363b-b5a4-9a40adc6f01d,8229876,415676,1,1,1,111355,261000,0,2011-06-14 21:38:59.909605+02
6931756,ace8d2ab-4143-3285-8145-4540806bf7b0,8229887,415676,12,12,Free (feat. Onita Boone),42933,168000,0,2011-06-14 21:38:59.909605+02
6931762,3856473e-9ffa-3c2f-affc-46f7deb29ab6,8229893,415676,18,18,Bakerman,111355,415000,0,2011-06-14 21:38:59.909605+02
6931764,22079436-e223-3495-9058-ea75dd40d57f,8229895,415676,20,20,Need You Now,193232,168000,0,2011-06-14 21:38:59.909605+02
11331710,e1930f54-0c86-3f5a-929e-fc55f6ec5638,12889865,1096486,3,3,Falling Star (Dub Mix),48339,405000,0,2011-11-01 06:54:27.361852+01
11331715,348ee44d-3ce1-3ae8-8110-31b74a53778b,12889870,1096486,8,8,Falling Star (Instrumental Mix),48339,411000,0,2011-11-01 06:54:27.361852+01
11713029,53e97650-c29a-306e-a67a-bbd26a92bcae,13168469,1127075,2,2,Кто я,529441,226000,0,2012-01-21 00:06:54.291585+01
11713034,2b5e9e22-22b0-370d-a781-ae6b7ee2528d,13168474,1127075,7,7,Мексика,529441,210000,0,2012-01-21 00:06:54.291585+01
11713036,9817419f-1738-3f07-a768-dc6376f87c5c,13168476,1127075,9,9,Дышу,529441,174000,0,2012-01-21 00:06:54.291585+01
11781394,a4113259-eefb-34d0-9f22-aeae6e57fe7a,13209384,1131649,6,6,Πέφτει χιόνι,219729,,0,2012-02-01 16:16:06.769627+01
12141130,2e135617-a9b2-3290-be57-f424b691acbd,2322701,909660,4,4,Your Blood's Too Thick,158469,206306,0,2012-04-06 00:12:28.492982+02
12744104,14fa49a8-13c9-38d5-b0c2-75896a5c03b4,7865370,370912,5,C2,Cherrypoppers (Tom Clark remix),77940,,0,2012-07-04 20:40:36.538675+02
12744105,401b267c-b004-3c5d-81f9-c7f6cceba270,7865371,370912,6,D,Superpussy (Paul Brtschitsch remix),77940,,0,2012-07-04 20:40:36.538675+02
12861570,2e7440d4-18db-316f-ad5d-699e24cddf0a,13782325,1200892,5,5,Put 'em on the Glass,1154853,211000,0,2013-04-19 20:00:24.079323+02
12861571,a2b18f96-610c-3e74-a024-a6b216f1626b,13782326,1200892,6,6,Posin' Like a Playa,1154853,266000,0,2013-04-19 20:00:24.079323+02
12861577,bac50bed-0e7a-3ec4-9a20-953ec5e9a27a,13782332,1200892,12,12,I Checks My Bank,1154853,248000,0,2013-04-19 20:00:24.079323+02
12861579,f710ed38-5c0f-32b8-85af-b3483020b9d4,13782334,1200892,14,14,Beepers,1154853,255000,0,2013-04-19 20:00:24.079323+02
13277771,e6cf598f-5500-3946-969c-70bb49812804,14006987,1225237,1,1,Bong,470869,362000,0,2012-09-20 10:30:49.895005+02
13374135,ec6277e5-326f-3ff2-9d13-afe9ed663a58,14066361,1232006,2,2,Braindustry,977507,226000,0,2012-10-08 19:49:27.166865+02
13374139,03e66bc4-a929-36a1-8080-059e80aea4cd,14066365,1232006,6,6,Electroshock,977507,323000,0,2012-10-08 19:49:27.166865+02
13374140,9187db3d-5615-3b64-bb02-f9074585f2fe,14066366,1232006,7,7,Hypnodisc,977507,408000,0,2012-10-08 19:49:27.166865+02
13374147,661ebfad-f616-3f9c-809f-8b9a285cbae0,14066373,1232007,4,4,Schizophreak,977507,366000,0,2012-10-08 19:49:27.166865+02
13374148,c5e31040-0d83-313c-a08e-9431aa0b1537,14066374,1232007,5,5,Skeletons on Batteries,977507,365000,0,2012-10-08 19:49:27.166865+02
13510015,f54f996e-112a-351b-a725-96231c662bee,3972391,326695,6,6,Shimmy Shimmy Ya (extended a cappella),841922,207000,0,2012-10-29 12:38:49.701452+01
14196545,c7aaa2f4-70d2-3054-b8ef-c48efeb423ac,14583482,1287761,2,2,Dawning on the Red Streets [radio edit],826231,276000,0,2013-02-12 05:28:56.080463+01
14380921,ccb10b46-135f-36ec-ae3b-4cf4074338fb,11152096,703604,4,4,"Symphony no. 8 in E-flat major ""Symphony of a Thousand"": Teil I, Bar 169. Tempo I. Allegro impetouso",10293,80773,0,2013-03-14 18:53:13.800592+01
14380931,4e6be008-e2cf-3aad-9763-dfd3e173acb1,11152106,703604,14,14,"Symphony no. 8 in E-flat major ""Symphony of a Thousand"": Teil II, Bar Bar 384/385. ""Gerettet ist das edle Glied"" (Chor der Engel) - ""Hände verschlinget euch"" (Chor seliger Knaben)",10293,57466,0,2013-03-14 18:53:13.800592+01
14380933,02ef1c86-399d-3ba4-8c9d-4c2f6b6030b8,11152108,703604,16,16,"Symphony no. 8 in E-flat major ""Symphony of a Thousand"": Teil II, Bar 540. ""Uns bleibt ein Erdenrest"" (Chor vollendeteren Engel)",10293,104760,0,2013-03-14 18:53:13.800592+01
14380934,96cab6d8-5d31-3a98-8f7d-0c2378445a2e,11152109,703604,17,17,"Symphony no. 8 in E-flat major ""Symphony of a Thousand"": Teil II, Bar 580. ""Ich spür' soeben, nebelnd um Felsenhöhe'"" (Die jüngeren Engel) - ""Freudig empfangen frei"" (Chor seliger Knaben) - ""Hier ist die Aussicht frei"" (Doctor Marianus)",10293,67266,0,2013-03-14 18:53:13.800592+01
14380935,775e1a98-7246-3884-a622-98afcc444a22,11152110,703604,18,18,"Symphony no. 8 in E-flat major ""Symphony of a Thousand"": Teil II, Bar 639. ""Höchste Herrscherin in der Welt"" (Doctor Marianus)",10293,226800,0,2013-03-14 18:53:13.800592+01
14380939,80b848f7-7dad-3bae-9d41-79460dab9867,11152114,703604,22,22,"Symphony no. 8 in E-flat major ""Symphony of a Thousand"": Teil II, Bar 1138. ""Er überwächst uns schon"" (Selige Knaben) - ""Vom edlen Geisterchor umgeben"" (Una poenitentium)",10293,170266,0,2013-03-14 18:53:13.800592+01
14666031,c737c8ff-c507-3a6b-987f-c88247c7cc52,14869547,1322427,4,4,Blind Journey,1159548,220000,0,2013-05-01 17:30:58.849982+02
14666032,45cd720c-f0c4-373d-beae-7a2d034549ac,14869548,1322427,5,5,Through The Steel And Into The Nether,1159548,682000,0,2013-05-01 17:30:58.849982+02
14737887,2e904fd3-d63c-38a8-8d35-f03fcd678ae2,8229817,415670,3,3,Streamline (Guiseppe Ottavani remix),540526,274000,0,2013-05-12 20:29:30.830067+02
14737888,1b6bd38c-c281-3fac-940f-c458976a3e9b,8229818,415670,4,4,Samurai (vs. Suzy Solar),501086,261000,0,2013-05-12 20:29:30.830067+02
14737892,48da56cd-668c-34f0-9ad5-a0e0f744f225,8229822,415670,8,8,Blue Sunshine,260494,282000,0,2013-05-12 20:29:30.830067+02
14737895,740f605f-27d0-38c1-93af-5bac74fc9e64,8229825,415670,11,11,All I Need,839572,245000,0,2013-05-12 20:29:30.830067+02
14737898,865ea577-30d8-33cf-823f-f8a460804a86,14905313,415670,14,14,Control Freak (Sander van Doorn remix),51840,269000,0,2013-05-12 20:29:30.830067+02
14737902,59a1e427-41d4-32a0-95bf-88307257c49d,8229832,415670,18,18,Move Alone,181957,278000,0,2013-05-12 20:29:30.830067+02
14914582,326dc7bd-13a9-406e-b8f0-c0a05dbc8afc,2877793,1336399,3,3,Welldone,187353,224000,0,2013-06-05 18:46:24.529824+02
15237414,2c2b3d5c-8320-4343-b491-227d1f6f7938,547852,1361156,2,2,Come Live With Me Angel,962,390173,0,2013-08-16 05:25:39.347826+02
15237416,e01a8c37-717a-4de5-9e4f-cc8f5ed3153d,547854,1361156,4,4,Feel All My Love Inside,962,202693,0,2013-08-16 05:25:39.347826+02
15237421,aafc84f4-bd07-4d59-a044-0560a642f4e8,547859,1361156,9,9,Soon I'll Be Loving You Again,962,195280,0,2013-08-16 05:25:39.347826+02
15255150,699ae665-aae6-413d-82a8-ba319c2ceeef,15194512,1362825,7,7,"""Nun lob, meine Seel, den Herren"", SWV 41",1206709,415000,0,2013-08-17 20:20:17.387859+02
15255151,b69d1022-4b36-4488-86de-30531137a809,15194513,1362825,8,8,"""Zion spricht: der Herr hat mich verlassen"", SWV 46",1206709,442000,0,2013-08-17 20:20:17.387859+02
